Middle Date,2013 Date month,2014 Date month,2015 Date month,2016 Date month,2017 Date month,2018 Date month,2019 Date month,2020 Date month,2021 date month,2022date,Activity (number of hits),Number of taxa,Taxa  richness (NSP/activity),New taxa,Cumulative number of taxa,Rats/mice combined,Brush-tailed possum,Long-nosed bandicoot,Lyre bird,Brush turkey,Paddymelon,Dingo+Fox+Cat+Dog,Dingo,Cat,Yellow-throated srubwren,Wonga pigeon,Creature carrying & shaking gum leaves,Fox,Moth,Whipbird,Ring-tailed possum,Grey shrike thrush,Red-browed firetail,Swamp wallaby,Noisy pitta,Magpie,Anechinus,Hopping mouse,yellow robin,Land mullet,Python,leech,Beetle,Small bat,Whites thrush,Goanna,KOALA,Lewins honeyeater,short white-tailed mouse,Echidna,Catbird,Forest dragon,Rufous fantail,Spider,Crayfish(?),Rat with long whitish rigid tail,Emerald dove,Collared sparrowhawk,Potoroos???,Torreian crow?,Bar-shouldered dove,Kookaburra,Black snake?,Cicada,Tipulid,Dog,Frog?,Tiger quoll,Logrunner
2/02/2012,2-Feb,,,,,,,,,,25,4,0.16,4,4,0,4,2,1,11,0,0,0,0,0,0,0,0,0,0,0,0,0,0,0,0,0,0,0,0,0,0,0,0,0,0,0,0,0,0,0,0,0,0,0,0,0,0,0,0,0,0,0,0,0,0,0,0,0
13/02/2012,13-Feb,,,,,,,,,,16,3,0.1875,0,4,0,8,1,0,2,0,0,0,0,0,0,0,0,0,0,0,0,0,0,0,0,0,0,0,0,0,0,0,0,0,0,0,0,0,0,0,0,0,0,0,0,0,0,0,0,0,0,0,0,0,0,0,0,0
24/02/2012,24-Feb,,,,,,,,,,14,3,0.214285714,1,5,0,0,1,0,6,5,0,0,0,0,0,0,0,0,0,0,0,0,0,0,0,0,0,0,0,0,0,0,0,0,0,0,0,0,0,0,0,0,0,0,0,0,0,0,0,0,0,0,0,0,0,0,0,0
8/03/2012,8-Mar,,,,,,,,,,14,5,0.357142857,3,8,0,3,0,0,7,0,2,1,1,1,0,0,0,0,0,0,0,0,0,0,0,0,0,0,0,0,0,0,0,0,0,0,0,0,0,0,0,0,0,0,0,0,0,0,0,0,0,0,0,0,0,0,0,0
17/03/2012,17-Mar,,,,,,,,,,8,4,0.5,0,8,0,2,1,0,1,2,0,0,0,0,0,0,0,0,0,0,0,0,0,0,0,0,0,0,0,0,0,0,0,0,0,0,0,0,0,0,0,0,0,0,0,0,0,0,0,0,0,0,0,0,0,0,0,0
27/03/2012,27-Mar,,,,,,,,,,9,3,0.333333333,0,8,0,0,0,2,1,4,0,0,0,0,0,0,0,0,0,0,0,0,0,0,0,0,0,0,0,0,0,0,0,0,0,0,0,0,0,0,0,0,0,0,0,0,0,0,0,0,0,0,0,0,0,0,0,0
6/04/2012,6-Apr,,,,,,,,,,8,3,0.375,0,8,0,2,0,0,3,2,0,0,0,0,0,0,0,0,0,0,0,0,0,0,0,0,0,0,0,0,0,0,0,0,0,0,0,0,0,0,0,0,0,0,0,0,0,0,0,0,0,0,0,0,0,0,0,0
18/04/2012,18-Apr,,,,,,,,,,6,4,0.666666667,2,10,0,0,1,0,1,0,0,0,0,0,1,1,0,0,0,0,0,0,0,0,0,0,0,0,0,0,0,0,0,0,0,0,0,0,0,0,0,0,0,0,0,0,0,0,0,0,0,0,0,0,0,0,0,0
28/04/2012,28-Apr,,,,,,,,,,12,7,0.583333333,1,11,0,5,1,0,2,1,2,1,0,1,0,0,1,0,0,0,0,0,0,0,0,0,0,0,0,0,0,0,0,0,0,0,0,0,0,0,0,0,0,0,0,0,0,0,0,0,0,0,0,0,0,0,0,0
8/05/2012,8-May,,,,,,,,,,10,4,0.4,0,11,0,0,0,1,6,2,1,0,0,0,0,0,1,0,0,0,0,0,0,0,0,0,0,0,0,0,0,0,0,0,0,0,0,0,0,0,0,0,0,0,0,0,0,0,0,0,0,0,0,0,0,0,0,0
19/05/2012,19-May,,,,,,,,,,5,2,0.4,0,11,0,0,0,0,4,1,0,0,0,0,0,0,0,0,0,0,0,0,0,0,0,0,0,0,0,0,0,0,0,0,0,0,0,0,0,0,0,0,0,0,0,0,0,0,0,0,0,0,0,0,0,0,0,0
29/05/2012,29-May,,,,,,,,,,10,4,0.4,0,11,0,1,0,4,3,0,0,0,0,1,0,0,0,0,0,0,0,0,0,0,0,0,0,0,0,0,0,0,0,0,0,0,0,0,0,0,0,0,0,0,0,0,0,0,0,0,0,0,0,0,0,0,0,0
8/06/2012,8-Jun,,,,,,,,,,4,1,0.25,0,11,0,0,0,0,4,0,0,0,0,0,0,0,0,0,0,0,0,0,0,0,0,0,0,0,0,0,0,0,0,0,0,0,0,0,0,0,0,0,0,0,0,0,0,0,0,0,0,0,0,0,0,0,0,0
17/06/2012,17-Jun,,,,,,,,,,4,1,0.25,0,11,0,0,0,0,0,1,0,0,0,0,0,0,0,0,0,0,0,0,0,0,0,0,0,0,0,0,0,0,0,0,0,0,0,0,0,0,0,0,0,0,0,0,0,0,0,0,0,0,0,0,0,0,0,0
27/06/2012,27-Jun,,,,,,,,,,5,2,0.4,0,11,0,1,0,0,2,0,0,0,0,0,0,0,0,0,0,0,0,0,0,0,0,0,0,0,0,0,0,0,0,0,0,0,0,0,0,0,0,0,0,0,0,0,0,0,0,0,0,0,0,0,0,0,0,0
8/07/2012,8-Jul,,,,,,,,,,4,2,0.5,0,11,0,1,0,0,1,0,0,0,0,0,0,0,0,0,0,0,0,0,0,0,0,0,0,0,0,0,0,0,0,0,0,0,0,0,0,0,0,0,0,0,0,0,0,0,0,0,0,0,0,0,0,0,0,0
20/07/2012,20-Jul,,,,,,,,,,5,2,0.4,0,11,0,1,0,0,3,0,0,0,0,0,0,0,0,0,0,0,0,0,0,0,0,0,0,0,0,0,0,0,0,0,0,0,0,0,0,0,0,0,0,0,0,0,0,0,0,0,0,0,0,0,0,0,0,0
31/07/2012,31-Jul,,,,,,,,,,6,2,0.333333333,0,11,0,0,0,0,3,1,0,0,0,0,0,0,0,0,0,0,0,0,0,0,0,0,0,0,0,0,0,0,0,0,0,0,0,0,0,0,0,0,0,0,0,0,0,0,0,0,0,0,0,0,0,0,0,0
10/08/2012,10-Aug,,,,,,,,,,5,3,0.6,0,11,0,0,0,0,1,0,2,0,2,2,0,0,0,0,0,0,0,0,0,0,0,0,0,0,0,0,0,0,0,0,0,0,0,0,0,0,0,0,0,0,0,0,0,0,0,0,0,0,0,0,0,0,0,0
20/08/2012,20-Aug,,,,,,,,,,10,4,0.4,1,12,0,0,0,0,2,2,0,0,0,1,0,0,0,1,0,0,0,0,0,0,0,0,0,0,0,0,0,0,0,0,0,0,0,0,0,0,0,0,0,0,0,0,0,0,0,0,0,0,0,0,0,0,0,0
30/08/2012,30-Aug,,,,,,,,,,6,3,0.5,0,12,0,1,0,0,5,0,0,0,0,1,0,0,0,0,0,0,0,0,0,0,0,0,0,0,0,0,0,0,0,0,0,0,0,0,0,0,0,0,0,0,0,0,0,0,0,0,0,0,0,0,0,0,0,0
9/09/2012,9-Sep,,,,,,,,,,13,7,0.538461538,3,15,0,0,0,0,7,4,1,0,0,3,0,0,1,0,1,1,1,0,0,0,0,0,0,0,0,0,0,0,0,0,0,0,0,0,0,0,0,0,0,0,0,0,0,0,0,0,0,0,0,0,0,0,0,0
19/09/2012,19-Sep,,,,,,,,,,12,6,0.5,2,17,0,0,0,1,3,4,0,0,0,2,0,0,0,1,0,0,0,1,1,0,0,0,0,0,0,0,0,0,0,0,0,0,0,0,0,0,0,0,0,0,0,0,0,0,0,0,0,0,0,0,0,0,0,0
29/09/2012,29-Sep,,,,,,,,,,11,6,0.545454545,0,17,0,4,0,1,9,1,0,0,0,3,0,0,0,0,0,0,0,0,0,0,0,0,0,0,0,0,0,0,0,0,0,0,0,0,0,0,0,0,0,0,0,0,0,0,0,0,0,0,0,0,0,0,0,0
8/10/2012,8-Oct,,,,,,,,,,16,4,0.25,0,17,0,6,0,0,3,4,0,0,0,6,0,0,0,0,0,0,0,0,0,0,0,0,0,0,0,0,0,0,0,0,0,0,0,0,0,0,0,0,0,0,0,0,0,0,0,0,0,0,0,0,0,0,0,0
18/10/2012,18-Oct,,,,,,,,,,29,6,0.206896552,1,18,0,14,1,0,8,2,0,0,0,5,0,0,0,0,0,0,0,0,0,1,0,0,0,0,0,0,0,0,0,0,0,0,0,0,0,0,0,0,0,0,0,0,0,0,0,0,0,0,0,0,0,0,0,0
28/10/2012,28-Oct,,,,,,,,,,8,3,0.375,0,18,0,0,0,0,6,1,0,0,0,1,0,0,0,0,0,0,0,0,0,0,0,0,0,0,0,0,0,0,0,0,0,0,0,0,0,0,0,0,0,0,0,0,0,0,0,0,0,0,0,0,0,0,0,0
7/11/2012,7-Nov,,,,,,,,,,25,4,0.16,1,18,0,0,5,0,14,0,0,0,0,2,0,0,0,0,0,0,0,0,0,0,1,0,0,0,0,0,0,0,0,0,0,0,0,0,0,0,0,0,0,0,0,0,0,0,0,0,0,0,0,0,0,0,0,0
17/11/2012,17-Nov,,,,,,,,,,33,10,0.303030303,2,20,2,0,3,0,5,1,1,0,0,11,0,0,1,3,0,0,0,2,0,1,0,1,1,0,0,0,0,0,0,0,0,0,0,0,0,0,0,0,0,0,0,0,0,0,0,0,0,0,0,0,0,0,0,0
27/11/2012,27-Nov,,,,,,,,,,22,6,0.272727273,1,21,0,0,1,0,4,8,0,0,0,5,0,0,0,2,0,0,0,0,0,0,0,0,0,1,0,0,0,0,0,0,0,0,0,0,0,0,0,0,0,0,0,0,0,0,0,0,0,0,0,0,0,0,0,0
7/12/2012,7-Dec,,,,,,,,,,9,4,0.444444444,0,21,0,0,0,0,3,1,2,0,0,4,0,0,2,0,0,0,0,0,0,0,0,0,0,0,0,0,0,0,0,0,0,0,0,0,0,0,0,0,0,0,0,0,0,0,0,0,0,0,0,0,0,0,0,0
17/12/2012,17-Dec,,,,,,,,,,10,4,0.4,1,21,0,0,0,0,4,1,0,0,0,4,0,0,0,1,0,0,0,0,0,0,0,0,0,0,0,0,0,0,0,0,0,0,0,0,0,0,0,0,0,0,0,0,0,0,0,0,0,0,0,0,0,0,0,0
25/12/2012,25-Dec,,,,,,,,,,13,5,0.384615385,1,22,0,0,0,0,3,0,1,0,0,3,0,0,1,1,0,0,0,0,0,1,0,0,0,0,1,0,0,0,0,0,0,0,0,0,0,0,0,0,0,0,0,0,0,0,0,0,0,0,0,0,0,0,0,0
4/01/2013,,4-Jan,,,,,,,,,16,5,0.3125,0,22,0,0,0,0,3,4,1,0,0,4,0,0,1,1,0,0,0,0,0,0,0,0,0,0,0,0,0,0,0,0,0,0,0,0,0,0,0,0,0,0,0,0,0,0,0,0,0,0,0,0,0,0,0,0
15/01/2013,,15-Jan,,,,,,,,,11,5,0.454545455,0,22,0,0,0,0,3,2,1,0,0,2,0,0,1,1,0,0,0,0,0,0,0,0,0,0,0,0,0,0,0,0,0,0,0,0,0,0,0,0,0,0,0,0,0,0,0,0,0,0,0,0,0,0,0,0
25/01/2013,,25-Jan,,,,,,,,,8,2,0.25,0,22,0,0,0,0,3,0,0,0,0,0,0,0,0,1,0,0,0,0,0,0,0,0,0,0,0,0,0,0,0,0,0,0,0,0,0,0,0,0,0,0,0,0,0,0,0,0,0,0,0,0,0,0,0,0
4/02/2013,,4-Feb,,,,,,,,,28,7,0.25,1,23,1,8,0,0,9,4,0,0,0,0,0,0,0,3,0,0,0,0,0,1,0,1,0,0,0,1,0,0,0,0,0,0,0,0,0,0,0,0,0,0,0,0,0,0,0,0,0,0,0,0,0,0,0,0
14/02/2013,,14-Feb,,,,,,,,,26,9,0.346153846,2,25,0,4,0,0,11,3,0,0,0,0,0,0,0,7,1,0,0,0,0,1,0,0,0,0,0,0,1,1,0,0,0,0,0,0,0,0,0,0,0,0,0,0,0,0,0,0,0,0,0,0,0,0,0,0
25/02/2013,,25-Feb,,,,,,,,,21,5,0.238095238,0,25,0,0,0,0,12,1,3,0,0,0,0,0,3,5,0,0,0,0,0,1,0,0,0,0,0,0,0,0,0,0,0,0,0,0,0,0,0,0,0,0,0,0,0,0,0,0,0,0,0,0,0,0,0,0
7/03/2013,,7-Mar,,,,,,,,,16,6,0.375,0,25,0,1,0,0,7,1,1,0,0,1,0,0,1,3,0,0,0,0,0,0,0,0,0,0,0,0,0,0,0,0,0,0,0,0,0,0,0,0,0,0,0,0,0,0,0,0,0,0,0,0,0,0,0,0
17/03/2013,,17-Mar,,,,,,,,,17,8,0.470588235,0,25,0,0,1,0,3,0,2,1,0,3,0,0,1,1,0,0,0,0,0,2,0,0,0,0,0,0,0,0,0,0,0,0,0,0,0,0,0,0,0,0,0,0,0,0,0,0,0,0,0,0,0,0,0,0
27/03/2013,,27-Mar,,,,,,,,,21,6,0.285714286,0,25,0,1,0,0,8,2,0,0,0,4,0,0,0,4,0,0,0,0,0,3,0,0,0,0,0,0,0,0,0,0,0,0,0,0,0,0,0,0,0,0,0,0,0,0,0,0,0,0,0,0,0,0,0,0
6/04/2013,,6-Apr,,,,,,,,,22,5,0.227272727,0,25,0,0,0,0,14,1,1,0,0,3,0,0,1,3,0,0,0,0,0,0,0,0,0,0,0,0,0,0,0,0,0,0,0,0,0,0,0,0,0,0,0,0,0,0,0,0,0,0,0,0,0,0,0,0
16/04/2013,,16-Apr,,,,,,,,,8,4,0.5,0,25,0,2,0,0,5,0,0,0,0,1,0,0,0,3,0,0,0,0,0,0,0,0,0,0,0,0,0,0,0,0,0,0,0,0,0,0,0,0,0,0,0,0,0,0,0,0,0,0,0,0,0,0,0,0
26/04/2013,,26-Apr,,,,,,,,,23,5,0.217391304,0,25,0,0,0,0,15,0,4,2,0,3,0,0,2,8,0,0,0,0,0,0,0,0,0,0,0,0,0,0,0,0,0,0,0,0,0,0,0,0,0,0,0,0,0,0,0,0,0,0,0,0,0,0,0,0
6/05/2013,,5-May,,,,,,,,,16,6,0.375,0,25,0,0,0,0,4,2,2,2,0,1,1,0,0,6,0,0,0,0,0,0,0,0,0,0,0,0,0,0,0,0,0,0,0,0,0,0,0,0,0,0,0,0,0,0,0,0,0,0,0,0,0,0,0,0
16/05/2013,,16-May,,,,,,,,,20,6,0.3,1,26,0,1,0,1,20,4,0,0,0,0,0,0,0,5,0,0,0,0,0,0,0,0,0,0,0,0,0,0,1,0,0,0,0,0,0,0,0,0,0,0,0,0,0,0,0,0,0,0,0,0,0,0,0,0
26/05/2013,,26-May,,,,,,,,,14,6,0.428571429,0,26,0,0,0,0,6,1,2,2,0,3,1,0,0,3,0,0,0,0,0,0,0,0,0,0,0,0,0,0,0,0,0,0,0,0,0,0,0,0,0,0,0,0,0,0,0,0,0,0,0,0,0,0,0,0
5/06/2013,,5-Jun,,,,,,,,,11,3,0.272727273,0,26,0,0,0,0,6,1,0,0,0,0,0,0,0,2,0,0,0,0,0,0,0,0,0,0,0,0,0,0,0,0,0,0,0,0,0,0,0,0,0,0,0,0,0,0,0,0,0,0,0,0,0,0,0,0
15/06/2013,,15-Jun,,,,,,,,,5,1,0.2,0,26,0,0,0,0,3,0,0,0,0,0,0,0,0,0,0,0,0,0,0,0,0,0,0,0,0,0,0,0,0,0,0,0,0,0,0,0,0,0,0,0,0,0,0,0,0,0,0,0,0,0,0,0,0,0
25/06/2013,,25-Jun,,,,,,,,,6,1,0.166666667,0,26,0,0,0,0,3,0,0,0,0,0,0,0,0,0,0,0,0,0,0,0,0,0,0,0,0,0,0,0,0,0,0,0,0,0,0,0,0,0,0,0,0,0,0,0,0,0,0,0,0,0,0,0,0,0
5/07/2013,,5-Jul,,,,,,,,,11,3,0.272727273,1,27,0,0,0,0,8,0,0,0,0,0,0,0,0,1,0,0,0,0,0,0,0,0,0,0,0,0,0,0,0,1,0,0,0,0,0,0,0,0,0,0,0,0,0,0,0,0,0,0,0,0,0,0,0,0
15/07/2013,,15-Jul,,,,,,,,,23,8,0.347826087,0,27,2,2,1,0,9,2,1,0,0,0,1,0,1,0,0,0,0,0,1,0,0,2,0,0,0,0,0,0,0,0,0,0,0,0,0,0,0,0,0,0,0,0,0,0,0,0,0,0,0,0,0,0,0,0
28/07/2013,,28-Jul,,,,,,,,,12,5,0.416666667,0,27,0,1,1,0,3,0,0,0,0,3,0,0,0,2,0,0,0,0,0,0,0,0,0,0,0,0,0,0,0,0,0,0,0,0,0,0,0,0,0,0,0,0,0,0,0,0,0,0,0,0,0,0,0,0
6/08/2013,,6-Aug,,,,,,,,,17,7,0.411764706,0,27,0,2,0,0,3,1,1,0,1,5,0,0,0,2,0,0,0,0,2,0,0,0,0,0,0,0,0,0,0,0,0,0,0,0,0,0,0,0,0,0,0,0,0,0,0,0,0,0,0,0,0,0,0,0
16/08/2013,,16-Aug,,,,,,,,,18,5,0.277777778,0,27,0,1,0,0,6,2,0,0,0,6,0,0,0,5,0,0,0,0,0,0,0,0,0,0,0,0,0,0,0,0,0,0,0,0,0,0,0,0,0,0,0,0,0,0,0,0,0,0,0,0,0,0,0,0
26/08/2013,,26-Aug,,,,,,,,,14,5,0.357142857,0,27,0,3,0,0,4,2,0,0,0,5,0,0,0,0,0,0,0,0,1,0,0,0,0,0,0,0,0,0,0,0,0,0,0,0,0,0,0,0,0,0,0,0,0,0,0,0,0,0,0,0,0,0,0,0
5/09/2013,,5-Sep,,,,,,,,,19,7,0.368421053,1,28,0,3,1,0,6,6,0,0,0,5,0,0,0,1,0,0,0,0,0,0,0,0,0,0,0,0,0,0,0,0,1,0,0,0,0,0,0,0,0,0,0,0,0,0,0,0,0,0,0,0,0,0,0,0
15/09/2013,,15-Sep,,,,,,,,,39,10,0.256410256,0,28,0,14,1,0,7,8,2,0,0,1,0,0,2,2,1,0,0,0,1,0,0,0,0,0,0,0,0,0,0,1,0,0,0,0,0,0,0,0,0,0,0,0,0,0,0,0,0,0,0,0,0,0,0,0
25/09/2013,,25-Sep,,,,,,,,,41,8,0.195121951,0,28,0,32,0,1,3,1,0,0,0,9,0,0,0,18,0,0,0,0,1,0,0,0,0,0,0,0,0,0,0,0,2,0,0,0,0,0,0,0,0,0,0,0,0,0,0,0,0,0,0,0,0,0,0,0
5/10/2013,,5-Oct,,,,,,,,,41,7,0.170731707,0,28,0,24,2,0,5,4,0,0,0,2,0,0,0,10,0,0,0,0,0,0,0,0,0,0,0,0,0,0,0,2,0,0,0,0,0,0,0,0,0,0,0,0,0,0,0,0,0,0,0,0,0,0,0,0
15/10/2013,,15-Oct,,,,,,,,,25,4,0.16,0,28,0,18,0,0,2,0,0,0,0,0,0,0,0,7,0,0,0,0,0,0,0,0,0,0,0,0,0,0,0,1,0,0,0,0,0,0,0,0,0,0,0,0,0,0,0,0,0,0,0,0,0,0,0,0
26/10/2013,,26-Oct,,,,,,,,,29,7,0.24137931,0,28,0,15,2,0,3,2,0,0,0,1,0,0,0,8,2,0,0,0,0,0,0,0,0,0,0,0,0,0,0,0,0,0,0,0,0,0,0,0,0,0,0,0,0,0,0,0,0,0,0,0,0,0,0,0
6/11/2013,,6-Nov,,,,,,,,,16,7,0.4375,0,28,0,2,0,0,4,2,0,0,0,2,1,0,0,5,0,0,0,0,0,0,0,0,0,0,0,0,0,0,0,1,0,0,0,0,0,0,0,0,0,0,0,0,0,0,0,0,0,0,0,0,0,0,0,0
16/11/2013,,16-Nov,,,,,,,,,16,5,0.3125,0,28,0,4,1,0,4,4,0,0,0,0,0,0,0,3,0,0,0,0,0,0,0,0,0,0,0,0,0,0,0,0,0,0,0,0,0,0,0,0,0,0,0,0,0,0,0,0,0,0,0,0,0,0,0,0
26/11/2013,,26-Nov,,,,,,,,,9,4,0.444444444,0,28,0,2,0,0,2,2,0,0,0,1,0,0,0,0,0,0,0,0,0,0,0,0,0,0,0,0,0,0,0,0,0,0,0,0,0,0,0,0,0,0,0,0,0,0,0,0,0,0,0,0,0,0,0,0
6/12/2013,,6-Dec,,,,,,,,,18,7,0.388888889,0,28,0,2,1,0,5,4,1,0,0,1,0,0,1,6,0,0,0,0,0,0,0,0,0,0,0,0,0,0,0,0,0,0,0,0,0,0,0,0,0,0,0,0,0,0,0,0,0,0,0,0,0,0,0,0
16/12/2013,,16-Dec,,,,,,,,,12,5,0.416666667,0,28,0,2,0,0,2,4,0,0,0,1,0,0,0,12,0,0,0,0,0,0,0,0,0,0,0,0,0,0,0,0,0,0,0,0,0,0,0,0,0,0,0,0,0,0,0,0,0,0,0,0,0,0,0,0
25/12/2013,,25-Dec,,,,,,,,,30,6,0.2,0,28,0,5,0,0,5,8,0,0,0,2,0,0,0,23,0,0,0,0,1,0,0,0,0,0,0,0,0,0,0,0,0,0,0,0,0,0,0,0,0,0,0,0,0,0,0,0,0,0,0,0,0,0,0,0
4/01/2014,,,4-Jan,,,,,,,,27,9,0.333333333,1,29,0,4,0,0,5,4,0,0,0,2,1,0,0,13,0,0,0,0,1,0,0,0,0,0,0,0,0,0,0,0,1,0,0,0,0,0,0,0,0,0,0,0,0,0,0,0,0,0,0,0,0,0,0,0
14/01/2014,,,14-Jan,,,,,,,,21,7,0.333333333,0,29,0,0,0,0,5,2,0,0,0,3,4,0,0,5,0,0,0,0,1,0,1,0,0,0,0,0,0,0,0,1,0,0,0,0,0,0,0,0,0,0,0,0,0,0,0,0,0,0,0,0,0,0,0,0
24/01/2014,,,24-Jan,,,,,,,,27,6,0.222222222,0,29,0,5,0,0,14,0,0,0,0,2,0,0,0,3,0,0,0,0,1,0,0,0,0,1,0,0,0,0,0,2,0,1,0,0,0,0,0,0,0,0,0,0,0,0,0,0,0,0,0,0,0,0,0,0
4/02/2014,,,4-Feb,,,,,,,,26,7,0.269230769,1,30,0,3,1,0,12,0,1,0,0,1,0,0,1,2,0,0,0,0,0,0,0,0,0,0,0,0,0,0,0,0,0,0,1,0,0,0,0,0,0,0,0,0,0,0,0,0,0,0,0,0,0,0,0,0
13/02/2014,,,13-Feb,,,,,,,,26,7,0.269230769,0,30,0,5,1,0,3,6,0,0,0,1,3,0,0,2,0,0,0,0,0,0,0,0,0,0,0,0,0,0,0,0,0,0,0,0,0,0,0,0,0,0,0,0,0,0,0,0,0,0,0,0,0,0,0,0
25/02/2014,,,25-Feb,,,,,,,,31,7,0.225806452,0,30,0,0,0,1,6,4,0,0,0,2,3,0,0,7,0,0,0,0,0,0,0,0,0,1,0,0,0,0,0,0,0,0,0,0,0,0,0,0,0,0,0,0,0,0,0,0,0,0,0,0,0,0,0,0
5/03/2014,,,5-Mar,,,,,,,,28,5,0.178571429,0,30,0,12,2,0,10,12,0,0,0,0,0,0,0,6,1,0,0,0,0,0,0,0,0,0,0,0,0,0,0,0,0,0,0,0,0,0,0,0,0,0,0,0,0,0,0,0,0,0,0,0,0,0,0,0
15/03/2014,,,15-Mar,,,,,,,,30,8,0.266666667,0,30,0,4,0,0,5,7,1,0,0,1,0,0,1,11,0,0,0,0,1,0,0,0,0,1,0,0,0,0,0,0,0,0,0,0,0,0,0,0,0,0,0,0,0,0,0,0,0,0,0,0,0,0,0,0
25/03/2014,,,25-Mar,,,,,,,,35,6,0.171428571,0,30,0,2,0,0,5,35,0,0,0,2,0,0,0,19,1,0,0,0,0,0,0,0,0,0,0,0,0,0,0,0,0,0,0,0,0,0,0,0,0,0,0,0,0,0,0,0,0,0,0,0,0,0,0,0
4/04/2014,,,4-Apr,,,,,,,,20,7,0.35,0,30,0,1,0,0,5,6,1,0,0,1,1,0,1,11,0,0,0,0,0,0,0,0,0,0,0,0,0,0,0,0,0,0,0,0,0,0,0,0,0,0,0,0,0,0,0,0,0,0,0,0,0,0,0,0
14/04/2014,,,14-Apr,,,,,,,,12,3,0.25,0,30,0,0,0,0,2,5,0,0,0,0,0,0,0,3,0,0,0,0,0,0,0,0,0,0,0,0,0,0,0,0,0,0,0,0,0,0,0,0,0,0,0,0,0,0,0,0,0,0,0,0,0,0,0,0
24/04/2014,,,24-Apr,,,,,,,,14,4,0.285714286,0,30,0,0,0,0,1,5,0,0,0,3,0,0,0,0,0,0,0,0,0,0,0,0,0,0,0,0,0,0,0,0,0,0,0,0,0,0,0,0,0,0,0,0,0,0,0,0,0,0,0,0,0,0,0,0
4/05/2014,,,4-May,,,,,,,,8,3,0.375,0,30,0,0,0,0,1,3,0,0,0,2,0,0,0,0,0,0,0,0,0,0,0,0,0,0,0,0,0,0,0,0,0,0,0,0,0,0,0,0,0,0,0,0,0,0,0,0,0,0,0,0,0,0,0,0
14/05/2014,,,14-May,,,,,,,,8,3,0.375,0,30,0,0,0,0,3,1,2,0,0,0,0,0,2,0,0,0,0,0,0,0,0,0,0,0,0,0,0,0,0,0,0,0,0,0,0,0,0,0,0,0,0,0,0,0,0,0,0,0,0,0,0,0,0,0
24/05/2014,,,24-May,,,,,,,,13,5,0.384615385,0,30,0,1,0,0,5,2,1,0,0,0,0,0,1,3,0,0,0,0,0,0,0,0,0,0,0,0,0,0,0,0,0,0,0,0,0,0,0,0,0,0,0,0,0,0,0,0,0,0,0,0,0,0,0,0
3/06/2014,,,3-Jun,,,,,,,,12,5,0.416666667,0,30,0,2,0,0,7,1,1,0,1,2,0,0,0,0,0,0,0,0,0,0,0,0,0,0,0,0,0,0,0,0,0,0,0,0,0,0,0,0,0,0,0,0,0,0,0,0,0,0,0,0,0,0,0,0
13/06/2014,,,13-Jun,,,,,,,,17,4,0.235294118,0,30,0,5,0,0,4,6,0,0,0,0,0,0,0,3,0,0,0,0,0,0,0,0,0,0,0,0,0,0,0,0,0,0,0,0,0,0,0,0,0,0,0,0,0,0,0,0,0,0,0,0,0,0,0,0
23/06/2014,,,23-Jun,,,,,,,,13,5,0.384615385,0,30,0,5,1,0,1,2,0,0,0,0,1,0,0,0,0,0,0,0,1,0,0,0,0,0,0,0,0,0,0,0,0,0,0,0,0,0,0,0,0,0,0,0,0,0,0,0,0,0,0,0,0,0,0,0
3/07/2014,,,3-Jul,,,,,,,,16,4,0.25,0,30,0,4,0,0,0,0,0,0,0,1,0,0,0,1,0,0,0,0,0,0,0,0,0,0,0,0,0,0,0,0,0,0,0,0,0,0,0,0,0,0,0,0,0,0,0,0,0,0,0,0,0,0,0,0
13/07/2014,,,13-Jul,,,,,,,,7,4,0.571428571,0,30,0,3,1,0,0,0,0,0,0,1,0,0,0,1,0,0,0,0,0,0,0,0,0,0,0,0,0,0,0,0,0,0,0,0,0,0,0,0,0,0,0,0,0,0,0,0,0,0,0,0,0,0,0,0
23/07/2014,,,23-Jul,,,,,,,,12,4,0.333333333,0,30,0,2,0,0,1,2,0,0,0,1,0,0,0,0,0,0,0,0,0,0,0,0,0,0,0,0,0,0,0,0,0,0,0,0,0,0,0,0,0,0,0,0,0,0,0,0,0,0,0,0,0,0,0,0
2/08/2014,,,2-Aug,,,,,,,,13,4,0.307692308,0,30,0,2,0,0,1,0,2,2,0,0,0,0,0,1,0,0,0,0,0,0,0,0,0,0,0,0,0,0,0,0,0,0,0,0,0,0,0,0,0,0,0,0,0,0,0,0,0,0,0,0,0,0,0,0
12/08/2014,,,12-Aug,,,,,,,,9,5,0.555555556,1,31,1,2,0,0,2,0,2,2,0,0,0,0,0,0,1,0,0,0,0,0,0,0,0,0,0,0,0,0,0,0,0,0,0,1,0,0,0,0,0,0,0,0,0,0,0,0,0,0,0,0,0,0,0,0
22/08/2014,,,22-Aug,,,,,,,,7,3,0.428571429,1,32,0,2,0,0,0,0,1,1,0,0,0,0,0,0,0,0,0,0,0,0,0,0,0,0,0,0,0,0,0,0,0,0,0,0,1,0,0,0,0,0,0,0,0,0,0,0,0,0,0,0,0,0,0,0
1/09/2014,,,1-Sep,,,,,,,,10,4,0.4,0,32,0,2,0,0,0,3,1,1,0,0,0,0,0,0,1,0,0,0,0,0,0,0,0,0,0,0,0,0,0,0,0,0,0,0,0,0,0,0,0,0,0,0,0,0,0,0,0,0,0,0,0,0,0,0
11/09/2014,,,11-Sep,,,,,,,,15,3,0.2,1,33,0,0,0,0,2,0,0,0,0,0,0,0,0,0,0,0,0,0,0,0,0,0,0,0,0,0,0,0,0,0,0,0,0,0,0,1,0,0,0,0,0,0,0,0,0,0,0,0,0,0,0,0,0,0
21/09/2014,,,21-Sep,,,,,,,,18,8,0.444444444,0,33,0,5,1,0,1,6,0,0,0,1,0,0,0,4,1,0,0,0,0,0,0,0,0,0,0,0,0,0,0,0,0,1,0,0,0,0,0,0,0,0,0,0,0,0,0,0,0,0,0,0,0,0,0,0
1/10/2014,,,1-Oct,,,,,,,,23,6,0.260869565,0,33,0,4,0,0,6,4,2,2,0,1,0,0,0,19,0,0,0,0,0,0,0,0,0,0,0,0,0,0,0,0,0,0,0,0,0,0,0,0,0,0,0,0,0,0,0,0,0,0,0,0,0,0,0,0
11/10/2014,,,11-Oct,,,,,,,,11,5,0.454545455,0,33,0,1,0,0,2,2,0,0,0,1,0,0,0,2,0,0,0,0,0,0,0,0,0,0,0,0,0,0,0,0,0,0,0,0,0,0,0,0,0,0,0,0,0,0,0,0,0,0,0,0,0,0,0,0
21/10/2014,,,21-Oct,,,,,,,,17,6,0.352941176,0,33,0,7,2,0,3,3,1,1,0,0,0,0,0,2,0,0,0,0,0,0,0,0,0,0,0,0,0,0,0,0,0,0,0,0,0,0,0,0,0,0,0,0,0,0,0,0,0,0,0,0,0,0,0,0
31/10/2014,,,31-Oct,,,,,,,,16,8,0.5,0,33,0,5,3,0,1,3,1,1,0,3,0,0,0,2,0,0,0,0,0,0,0,0,0,0,0,0,0,0,0,0,0,1,0,0,0,0,0,0,0,0,0,0,0,0,0,0,0,0,0,0,0,0,0,0
10/11/2014,,,10-Nov,,,,,,,,31,8,0.258064516,0,33,0,1,0,1,2,3,0,0,0,2,0,0,0,2,0,0,0,0,0,0,0,0,0,1,0,0,0,0,0,1,0,0,0,0,0,0,0,0,0,0,0,0,0,0,0,0,0,0,0,0,0,0,0,0
20/11/2014,,,20-Nov,,,,,,,,24,8,0.333333333,2,35,0,8,0,3,6,4,0,0,0,3,0,0,0,17,0,0,0,0,0,0,0,0,0,0,0,0,0,0,0,0,0,0,0,0,0,0,1,1,0,0,0,0,0,0,0,0,0,0,0,0,0,0,0,0
30/11/2014,,,30-Nov,,,,,,,,18,7,0.388888889,1,36,0,3,0,0,2,3,0,0,0,0,0,0,0,7,0,0,0,0,0,0,0,0,0,1,0,0,0,0,0,1,0,0,0,0,0,0,0,0,1,0,0,0,0,0,0,0,0,0,0,0,0,0,0,0
10/12/2014,,,10-Dec,,,,,,,,17,6,0.352941176,0,36,0,9,0,0,1,2,1,1,0,0,0,0,0,4,0,0,0,0,0,0,0,0,0,0,0,0,0,0,0,1,0,0,0,0,0,0,0,0,0,0,0,0,0,0,0,0,0,0,0,0,0,0,0,0
20/12/2014,,,20-Dec,,,,,,,,19,6,0.315789474,0,36,0,3,0,0,2,4,0,0,0,6,0,0,0,11,0,0,0,0,0,0,0,0,0,0,0,0,0,0,0,0,0,0,0,0,0,0,0,0,1,0,0,0,0,0,0,0,0,0,0,0,0,0,0,0
30/12/2014,,,30-Dec,,,,,,,,25,9,0.36,0,36,0,4,0,0,4,5,3,3,0,1,0,1,0,15,0,0,0,0,0,0,0,0,0,1,0,0,0,0,0,1,0,0,0,0,0,0,0,0,0,0,0,0,0,0,0,0,0,0,0,0,0,0,0,0
9/01/2015,,,9-Jan,,,,,,,,24,7,0.291666667,0,36,0,4,0,0,6,5,1,1,0,2,1,0,0,8,0,0,0,0,0,0,0,0,0,0,0,0,0,0,0,0,0,0,0,0,0,0,0,0,0,0,0,0,0,0,0,0,0,0,0,0,0,0,0,0
19/01/2015,,,19-Jan,,,,,,,,22,6,0.272727273,1,37,0,3,0,0,1,8,0,0,0,3,0,0,0,2,0,0,0,0,0,0,0,0,0,0,0,0,0,0,0,0,0,0,0,0,0,0,0,0,0,1,0,0,0,0,0,0,0,0,0,0,0,0,0,0
29/01/2015,,,29-Jan,,,,,,,,17,6,0.352941176,0,37,0,2,0,0,1,3,2,2,0,2,0,0,0,0,0,0,0,0,0,0,0,0,0,0,0,0,0,0,0,0,0,0,0,0,0,1,0,0,0,0,0,0,0,0,0,0,0,0,0,0,0,0,0,0
8/02/2015,,,8-Feb,,,,,,,,27,5,0.185185185,0,37,0,0,0,0,7,5,8,8,0,2,0,0,0,3,0,0,0,0,0,0,0,0,0,0,0,0,0,0,0,0,0,0,0,0,0,0,0,0,0,0,0,0,0,0,0,0,0,0,0,0,0,0,0,0
18/02/2015,,,18-Feb,,,,,,,,13,4,0.307692308,0,37,0,0,0,0,2,3,3,3,0,0,0,0,0,2,0,0,0,0,0,0,0,0,0,0,0,0,0,0,0,0,0,0,0,0,0,0,0,0,0,0,0,0,0,0,0,0,0,0,0,0,0,0,0,0
28/02/2015,,,28-Feb,,,,,,,,20,5,0.25,0,37,0,4,0,0,10,3,0,0,0,0,2,0,0,2,0,0,0,0,0,0,0,0,0,0,0,0,0,0,0,0,0,0,0,0,0,0,0,0,0,0,0,0,0,0,0,0,0,0,0,0,0,0,0,0
10/03/2015,,,10-Mar,,,,,,,,19,4,0.210526316,0,37,0,6,0,0,0,7,1,1,0,0,0,0,0,6,0,0,0,0,0,0,0,0,0,0,0,0,0,0,0,0,0,0,0,0,0,0,0,0,0,0,0,0,0,0,0,0,0,0,0,0,0,0,0,0
20/03/2015,,,20-Mar,,,,,,,,15,6,0.4,0,37,0,6,0,1,0,3,1,1,0,0,0,0,0,2,0,0,0,0,0,0,0,0,0,0,0,0,0,0,0,1,0,0,0,0,0,0,0,0,0,0,0,0,0,0,0,0,0,0,0,0,0,0,0,0
5/04/2015,,,5-Apr,,,,,,,,29,8,0.275862069,0,37,0,18,0,1,3,2,2,1,1,1,0,0,0,4,0,0,0,0,0,0,0,0,0,0,0,0,0,0,0,0,0,0,0,0,0,0,0,0,0,0,0,0,0,0,0,0,0,0,0,0,0,0,0,0
20/04/2015,,,20-Apr,,,,,,,,29,8,0.275862069,0,37,0,12,0,0,2,7,0,0,0,3,0,0,0,4,2,0,0,0,0,0,0,0,0,0,0,0,0,0,0,1,0,0,0,0,0,0,0,0,1,0,0,0,0,0,0,0,0,0,0,0,0,0,0,0
30/04/2015,,,30-Apr,,,,,,,,20,8,0.4,0,37,0,4,0,0,3,4,0,0,0,3,0,0,0,1,1,0,0,0,0,0,0,0,0,0,0,0,0,0,0,2,0,0,0,0,0,0,0,0,1,0,0,0,0,0,0,0,0,0,0,0,0,0,0,0
10/05/2015,,,10-May,,,,,,,,21,7,0.333333333,0,37,0,7,1,0,5,1,0,0,0,0,0,0,0,0,0,0,0,0,1,1,0,0,0,0,0,0,0,0,0,1,0,0,0,0,0,0,0,0,0,0,0,0,0,0,0,0,0,0,0,0,0,0,0,0
20/05/2015,,,20-May,,,,,,,,12,6,0.5,0,37,0,1,1,0,1,1,0,0,0,0,0,0,0,0,0,0,0,0,0,1,0,0,0,0,0,0,0,0,0,3,0,0,0,0,0,0,0,0,0,0,0,0,0,0,0,0,0,0,0,0,0,0,0,0
30/05/2015,,,30-May,,,,,,,,22,7,0.318181818,0,37,0,4,2,0,8,2,1,0,0,0,1,0,1,0,0,0,0,0,0,1,0,0,0,0,0,0,0,0,0,0,0,0,0,0,0,0,0,0,0,0,0,0,0,0,0,0,0,0,0,0,0,0,0,0
9/06/2015,,,9-Jun,,,,,,,,25,6,0.24,0,37,0,3,0,0,9,0,0,0,0,2,0,0,0,1,0,0,0,0,0,1,0,0,0,0,0,0,0,0,0,1,0,0,0,0,0,0,0,0,0,0,0,0,0,0,0,0,0,0,0,0,0,0,0,0
19/06/2015,,,19-Jun,,,,,,,,20,4,0.2,0,37,0,2,6,0,5,0,0,0,0,0,0,0,0,0,0,2,0,0,0,0,0,0,0,0,0,0,0,0,0,0,0,0,0,0,0,0,0,0,0,0,0,0,0,0,0,0,0,0,0,0,0,0,0,0
29/06/2015,,,29-Jun,,,,,,,,30,10,0.333333333,0,37,0,5,0,0,6,6,1,1,0,1,1,0,0,5,0,1,0,0,1,0,0,0,0,0,0,0,0,0,0,0,0,0,0,0,0,0,0,0,1,0,0,0,0,0,0,0,0,0,0,0,0,0,0,0
9/07/2015,,,9-Jul,,,,,,,,18,8,0.444444444,1,38,1,8,1,0,1,1,0,0,0,0,1,0,0,3,0,0,0,0,0,1,0,0,0,0,0,0,0,0,0,0,0,0,0,0,0,0,0,0,0,0,1,0,0,0,0,0,0,0,0,0,0,0,0,0
19/07/2015,,,19-Jul,,,,,,,,34,7,0.205882353,0,38,5,13,3,0,3,1,0,0,0,0,0,0,0,1,0,0,0,0,0,0,0,0,0,0,0,0,0,0,0,0,0,0,0,0,0,0,0,0,1,0,5,0,0,0,0,0,0,0,0,0,0,0,0,0
29/07/2015,,,29-Jul,,,,,,,,23,8,0.347826087,0,38,3,7,0,1,1,0,0,0,0,3,1,0,0,3,0,0,0,0,0,3,0,0,0,0,0,0,0,0,0,0,0,0,0,0,0,0,0,0,0,0,3,0,0,0,0,0,0,0,0,0,0,0,0,0
8/08/2015,,,8-Aug,,,,,,,,25,7,0.28,0,38,0,9,0,0,2,2,2,2,0,0,2,0,0,2,0,0,0,0,0,1,0,0,0,0,0,0,0,0,0,0,0,0,0,0,0,0,0,0,0,0,0,0,0,0,0,0,0,0,0,0,0,0,0,0
18/08/2015,,,18-Aug,,,,,,,,31,10,0.322580645,0,38,1,9,4,0,3,4,1,0,0,4,0,0,1,3,0,0,0,0,0,1,0,0,0,0,0,0,0,0,0,0,0,1,0,0,0,0,0,0,0,0,1,0,0,0,0,0,0,0,0,0,0,0,0,0
28/08/2015,,,28-Aug,,,,,,,,20,6,0.3,1,39,0,4,0,0,0,1,0,0,0,2,0,0,0,0,1,0,0,0,0,5,0,0,0,0,0,0,0,0,0,0,0,0,0,0,0,0,0,0,0,0,0,2,0,0,0,0,0,0,0,0,0,0,0,0
7/09/2015,,,7-Sep,,,,,,,,20,9,0.45,0,39,3,5,1,0,0,1,0,0,0,0,1,0,0,1,0,0,0,0,0,2,0,0,0,0,0,0,0,0,0,0,0,1,0,0,0,0,0,0,0,0,3,1,0,0,0,0,0,0,0,0,0,0,0,0
17/09/2015,,,17-Sep,,,,,,,,28,8,0.285714286,0,39,0,4,1,0,7,4,1,0,0,3,1,0,1,1,0,0,0,0,0,0,0,0,0,0,0,0,0,0,0,0,0,0,0,0,0,0,0,0,0,0,0,0,0,0,0,0,0,0,0,0,0,0,0,0
27/09/2015,,,27-Sep,,,,,,,,18,7,0.388888889,0,39,0,8,0,1,3,4,0,0,0,1,1,0,0,0,1,0,0,0,0,0,0,0,0,0,0,0,0,0,0,0,0,0,0,0,0,0,0,0,0,0,0,0,0,0,0,0,0,0,0,0,0,0,0,0
7/10/2015,,,7-Oct,,,,,,,,58,13,0.224137931,0,39,1,5,19,2,5,6,2,0,1,4,2,0,1,12,0,0,0,0,0,0,0,0,0,0,0,0,0,0,0,0,0,0,0,0,0,0,0,0,0,0,1,1,0,0,0,0,0,0,0,0,0,0,0,0
28/10/2015,,,28-Oct,,,,,,,,45,9,0.2,0,39,0,4,2,1,12,2,1,0,0,5,0,0,1,5,1,0,0,0,0,0,0,0,0,0,0,0,0,0,0,0,0,0,0,0,0,0,0,0,0,0,0,0,0,0,0,0,0,0,0,0,0,0,0,0
7/11/2015,,,7-Nov,,,,,,,,30,4,0.133333333,0,39,0,0,6,2,14,0,0,0,0,0,0,0,0,3,0,0,0,0,0,0,0,0,0,0,0,0,0,0,0,0,0,0,0,0,0,0,0,0,0,0,0,0,0,0,0,0,0,0,0,0,0,0,0,0
17/11/2015,,,17-Nov,,,,,,,,40,8,0.2,0,39,0,5,2,0,7,6,0,0,0,3,1,0,0,3,0,0,0,0,0,0,0,0,0,1,0,0,0,0,0,0,0,0,0,0,0,0,0,0,0,0,0,0,0,0,0,0,0,0,0,0,0,0,0,0
27/11/2015,,,27-Nov,,,,,,,,35,8,0.228571429,0,39,0,2,3,0,1,1,0,0,0,10,0,0,0,10,0,0,0,0,0,0,0,0,0,0,0,0,0,0,0,5,0,1,0,0,0,0,0,0,0,0,0,0,0,0,0,0,0,0,0,0,0,0,0,0
7/12/2015,,,7-Dec,,,,,,,,29,12,0.413793103,0,39,0,2,2,1,3,4,0,0,0,4,2,0,0,5,1,0,0,0,0,0,0,0,0,2,0,0,0,0,0,0,1,0,0,0,0,0,0,1,0,0,0,0,0,0,0,0,0,0,0,0,0,0,0,0
17/12/2015,,,17-Dec,,,,,,,,27,8,0.296296296,0,39,0,2,0,1,2,6,2,1,0,3,0,0,1,3,0,0,0,0,0,0,0,0,0,0,0,0,0,0,0,0,0,0,0,0,0,0,0,0,0,0,0,0,0,0,0,0,0,0,0,0,0,0,0,0
27/12/2015,,,27-Dec,,,,,,,,26,8,0.307692308,0,39,0,4,1,0,1,2,0,0,0,2,0,0,0,5,0,0,0,0,0,0,0,0,0,0,0,0,0,0,0,2,1,0,0,0,0,0,0,0,0,0,0,0,0,0,0,0,0,0,0,0,0,0,0,0
6/01/2016,,,,6-Jan,,,,,,,26,12,0.461538462,0,39,1,5,0,1,4,3,1,0,0,2,2,0,1,4,0,0,0,0,0,0,0,0,0,2,0,0,0,0,0,3,0,0,0,0,0,0,0,0,2,0,1,0,0,0,0,0,0,0,0,0,0,0,0,0
16/01/2016,,,,16-Jan,,,,,,,28,7,0.25,0,39,0,5,0,2,4,4,0,0,0,3,0,0,0,6,1,0,0,0,0,0,0,0,0,0,0,0,0,0,0,0,0,0,0,0,0,0,0,0,0,0,0,0,0,0,0,0,0,0,0,0,0,0,0,0
26/01/2016,,,,26-Jan,,,,,,,22,6,0.272727273,0,39,0,2,1,0,7,0,0,0,0,10,1,0,0,8,0,0,0,0,0,0,0,0,0,0,0,0,0,0,0,0,0,0,0,0,0,0,0,0,2,0,0,0,0,0,0,0,0,0,0,0,0,0,0,0
5/02/2016,,,,5-Feb,,,,,,,22,8,0.363636364,0,39,0,4,0,0,4,6,0,0,0,4,2,0,0,13,1,0,0,0,2,0,0,0,0,0,0,0,0,0,0,0,0,0,0,0,0,0,0,0,0,0,0,0,0,0,0,0,0,0,0,0,0,0,0,0
15/02/2016,,,,15-Feb,,,,,,,31,6,0.193548387,0,39,0,7,0,0,9,3,0,0,0,5,0,0,0,6,0,0,0,0,0,0,0,0,0,1,0,0,0,0,0,0,0,0,0,0,0,0,0,0,1,0,0,0,0,0,0,0,0,0,0,0,0,0,0,0
25/02/2016,,,,25-Feb,,,,,,,23,9,0.391304348,0,39,0,7,0,0,1,2,0,0,0,3,5,0,0,3,1,0,0,0,0,0,0,0,0,1,0,0,0,0,0,1,0,0,0,0,0,0,0,0,0,0,0,0,0,0,0,0,0,0,0,0,0,0,0,0
6/03/2016,,,,6-Mar,,,,,,,31,8,0.258064516,1,40,0,8,2,0,6,5,0,0,0,1,0,0,0,14,0,0,0,0,1,0,0,0,0,0,0,0,0,0,0,0,0,0,0,0,0,0,0,0,0,0,0,0,1,0,0,0,0,0,0,0,0,0,0,0
16/03/2016,,,,16-Mar,,,,,,,20,7,0.35,0,40,0,3,0,0,2,4,0,0,0,6,1,0,0,7,0,0,0,0,0,0,0,0,0,1,0,0,0,0,0,0,0,0,0,0,0,0,0,0,2,0,0,0,0,0,0,0,0,0,0,0,0,0,0,0
26/03/2016,,,,26-Mar,,,,,,,32,10,0.3125,0,40,1,4,0,3,5,5,0,0,0,6,1,0,0,9,0,0,0,0,0,0,0,0,0,0,0,0,0,0,0,0,1,0,0,0,0,1,0,0,1,0,1,0,0,0,0,0,0,0,0,0,0,0,0,0
5/04/2016,,,,5-Apr,,,,,,,23,10,0.434782609,1,41,1,3,0,0,3,2,0,0,0,1,1,0,0,8,0,0,0,0,0,1,0,0,0,0,0,0,0,0,0,0,0,0,0,0,0,0,0,0,2,0,1,0,0,2,0,0,0,0,0,0,0,0,0,0
15/04/2016,,,,15-Apr,,,,,,,31,7,0.225806452,0,41,0,5,0,0,2,4,0,0,0,1,2,0,0,2,0,0,0,0,0,1,0,0,0,0,0,0,0,0,0,0,0,0,0,0,0,0,0,0,1,0,0,0,0,0,0,0,0,0,0,0,0,0,0,0
25/04/2016,,,,25-Apr,,,,,,,20,6,0.3,0,41,1,3,0,0,1,6,0,0,0,0,0,0,0,5,0,0,0,0,0,0,0,0,0,0,0,0,0,0,0,0,0,0,0,0,0,0,0,0,0,0,1,0,0,0,0,0,0,0,0,0,0,0,0,0
7/05/2016,,,,7/05/2013,,,,,,,45,9,0.2,0,41,0,9,1,0,11,8,2,2,0,1,1,0,0,9,1,0,0,0,0,0,0,0,0,0,0,0,0,0,0,0,0,0,0,0,0,0,0,0,3,0,0,0,0,0,0,0,0,0,0,0,0,0,0,0
20/05/2016,,,,20-May,,,,,,,22,8,0.363636364,0,41,0,4,0,2,7,3,2,1,0,0,3,0,1,2,0,0,0,0,0,0,0,0,0,0,0,0,0,0,0,0,0,0,0,0,0,0,0,0,0,0,0,0,0,0,0,0,0,0,0,0,0,0,0,0
23/06/2016,,,,23-Jun,,,,,,,19,4,0.210526316,0,41,0,1,0,0,10,0,0,0,0,1,0,0,0,1,0,0,0,0,0,0,0,0,0,0,0,0,0,0,0,0,0,0,0,0,0,0,0,0,0,0,0,0,0,0,0,0,0,0,0,0,0,0,0,0
27/07/2016,,,,27-Jul,,,,,,,16,8,0.5,0,41,0,2,1,1,3,0,1,0,0,2,0,0,1,3,0,0,0,0,0,0,0,0,0,1,0,0,0,0,0,0,0,0,0,0,0,0,0,0,0,0,0,0,0,0,0,0,0,0,0,0,0,0,0,0
6/08/2016,,,,6-Aug,,,,,,,29,5,0.172413793,0,41,0,8,1,0,16,2,0,0,0,0,0,0,0,1,0,0,0,0,0,0,0,0,0,0,0,0,0,0,0,0,0,0,0,0,0,0,0,0,0,0,0,0,0,0,0,0,0,0,0,0,0,0,0,0
17/08/2016,,,,17-Aug,,,,,,,34,7,0.205882353,0,41,0,9,0,0,16,5,1,1,0,0,1,0,0,1,0,0,0,0,0,0,0,0,0,0,0,0,0,0,0,0,0,0,0,0,0,0,0,0,0,0,0,0,0,0,0,0,0,0,0,0,0,0,0,0
29/08/2016,,,,29-Aug,,,,,,,20,5,0.25,1,42,0,3,2,0,7,0,0,0,0,0,1,0,0,0,0,0,0,0,0,0,0,0,0,0,0,0,0,0,0,0,0,0,0,0,0,0,0,0,0,0,0,0,0,0,1,0,0,0,0,0,0,0,0,0
8/09/2016,,,,8-Sep,,,,,,,30,9,0.3,0,42,0,6,6,1,12,2,0,0,0,1,1,0,0,1,0,0,0,0,0,0,0,0,0,0,0,0,0,0,0,0,0,0,0,0,0,0,0,0,1,0,0,0,0,0,1,0,0,0,0,0,0,0,0,0
23/09/2016,,,,23-Sep,,,,,,,32,6,0.1875,0,42,0,3,0,0,10,3,1,0,1,0,2,0,0,3,0,0,0,0,0,0,0,0,0,0,0,0,0,0,0,0,0,0,0,0,0,0,0,0,0,0,0,0,0,0,0,0,0,0,0,0,0,0,0,0
2/10/2016,,,,2-Oct,,,,,,,28,6,0.214285714,0,42,0,6,1,0,10,5,0,0,0,0,0,0,0,11,0,0,0,0,0,0,0,0,0,0,0,0,0,0,0,1,0,0,0,0,0,0,0,0,0,0,0,0,0,0,0,0,0,0,0,0,0,0,0,0
11/10/2016,,,,11-Oct,,,,,,,36,7,0.194444444,0,42,0,5,0,0,6,4,0,0,0,3,1,0,0,9,0,0,0,0,0,0,0,0,0,0,0,0,0,0,0,0,0,0,0,0,0,0,0,0,0,0,0,0,0,0,0,0,0,0,0,0,0,0,0,0
20/10/2016,,,,20-Oct,,,,,,,47,8,0.170212766,0,42,0,7,2,0,9,6,0,0,0,14,0,0,0,2,0,2,0,0,0,0,0,0,0,0,0,0,0,0,0,4,1,0,0,0,0,0,0,0,1,0,0,0,0,0,0,0,0,0,0,0,0,0,0,0
15/11/2016,,,,15-Nov,,,,,,,57,9,0.157894737,0,42,0,2,2,1,29,7,0,0,0,8,0,0,0,3,0,0,0,0,0,0,0,0,0,0,0,0,0,0,0,7,2,0,0,0,0,0,0,0,0,0,0,0,0,0,0,0,0,0,0,0,0,0,0,0
8/12/2016,,,,8-Dec,,,,,,,22,6,0.272727273,0,42,0,0,1,0,6,1,1,0,1,6,0,0,0,0,0,0,0,0,0,0,0,0,0,0,0,0,0,0,0,1,0,0,0,0,0,0,0,0,0,0,0,0,0,0,0,0,0,0,0,0,0,0,0,0
18/12/2016,,,,18-Dec,,,,,,,33,7,0.212121212,0,42,1,5,1,0,12,2,0,0,0,3,0,0,0,0,0,0,0,0,2,0,0,0,0,0,0,0,0,0,0,0,0,0,0,0,0,0,0,0,0,0,1,0,0,0,0,0,0,0,0,0,0,0,0,0
28/12/2016,,,,28-Dec,,,,,,,29,9,0.310344828,0,42,1,1,0,1,3,2,0,0,0,6,0,0,0,0,0,0,1,0,0,0,0,0,0,1,0,0,0,0,0,0,0,0,0,0,0,1,0,0,0,0,1,0,0,0,0,0,0,0,0,0,0,0,0,0
7/01/2017,,,,,7-Jan,,,,,,42,9,0.214285714,0,42,0,1,2,2,13,4,0,0,0,2,0,0,0,2,1,0,0,0,0,0,0,0,0,0,0,0,0,0,0,1,0,0,0,0,0,0,0,0,0,0,0,0,0,0,0,0,0,0,0,0,0,0,0,0
17/01/2017,,,,,17-Jan,,,,,,45,6,0.133333333,0,42,0,16,0,0,10,4,0,0,0,5,0,0,0,5,0,0,0,0,0,0,0,0,0,0,0,0,0,0,0,3,0,0,0,0,0,0,0,0,1,0,0,0,0,0,0,0,0,0,0,0,0,0,0,0
27/01/2017,,,,,27-Jan,,,,,,28,7,0.25,0,42,0,2,0,0,9,2,0,0,0,6,0,0,0,2,0,0,0,0,1,0,0,0,0,0,0,0,0,0,0,1,0,0,0,0,0,0,0,0,0,0,0,0,0,0,0,0,0,0,0,0,0,0,0,0
6/02/2017,,,,,6-Feb,,,,,,50,8,0.16,0,42,0,3,4,0,9,5,0,0,0,9,0,0,0,19,1,0,0,0,0,0,0,0,0,1,0,0,0,0,0,0,0,0,0,0,0,0,0,0,0,0,0,0,0,0,0,0,0,0,0,0,0,0,0,0
16/02/2017,,,,,16-Feb,,,,,,30,7,0.233333333,0,42,0,1,1,0,16,3,0,0,0,11,0,0,0,13,0,0,0,0,0,0,0,0,0,0,0,0,0,0,0,0,1,0,0,0,0,0,0,0,0,0,0,0,0,0,0,0,0,0,0,0,0,0,0,0
26/02/2017,,,,,26-Feb,,,,,,29,7,0.24137931,0,42,1,6,0,0,7,1,0,0,0,4,0,0,0,5,0,0,0,0,0,0,0,0,0,0,0,0,0,0,0,2,0,0,0,0,0,0,0,0,0,0,1,0,0,0,0,0,0,0,0,0,0,0,0,0
8/03/2017,,,,,8-Mar,,,,,,33,10,0.303030303,0,42,0,5,1,1,5,6,0,0,0,1,3,0,0,5,1,0,0,0,0,0,0,0,0,1,0,0,0,0,0,0,0,0,0,0,0,0,0,0,0,0,0,0,0,0,0,0,0,0,0,0,0,0,0,0
18/03/2017,,,,,18-Mar,,,,,,37,6,0.162162162,0,42,0,3,1,2,8,6,0,0,0,2,0,0,0,17,0,0,0,0,0,0,0,0,0,0,0,0,0,0,0,0,0,0,0,0,0,0,0,0,0,0,0,0,0,0,0,0,0,0,0,0,0,0,0,0
28/03/2017,,,,,28-Mar,,,,,,45,10,0.222222222,1,43,1,6,0,0,7,8,0,0,0,1,1,0,0,91,0,0,0,0,4,0,0,0,0,1,0,0,0,0,0,0,0,0,0,0,0,0,0,0,0,0,1,0,0,0,0,1,0,0,0,0,0,0,0,0
7/04/2017,,,,,7-Apr,,,,,,31,11,0.35483871,0,43,0,4,1,1,6,4,1,1,0,2,0,0,0,6,0,0,0,0,1,0,0,0,0,0,0,0,0,0,0,0,1,0,0,0,0,0,0,0,0,0,0,0,0,0,0,0,0,0,0,0,0,0,0,0
17/04/2017,,,,,17-Apr,,,,,,36,11,0.305555556,1,44,0,5,3,1,9,2,0,0,0,3,0,0,0,8,1,0,0,0,0,0,0,0,0,0,0,0,0,0,1,0,0,0,0,0,0,0,0,0,0,0,0,1,0,0,0,0,1,0,0,0,0,0,0,0
27/04/2017,,,,,27-Apr,,,,,,33,8,0.242424242,0,44,0,5,0,0,3,1,0,0,0,3,0,0,0,16,1,0,0,0,0,0,0,0,0,0,0,0,0,0,1,0,0,0,0,0,0,0,0,0,0,0,0,0,0,0,0,0,0,0,0,0,0,0,0,0
7/05/2017,,,,,7-May,,,,,,30,6,0.2,0,44,0,2,0,0,14,2,1,1,0,2,1,0,0,2,0,0,0,0,0,0,0,0,0,0,0,0,0,0,1,0,0,0,0,0,0,0,0,0,0,0,0,0,0,0,0,0,0,0,0,0,0,0,0,0
17/05/2017,,,,,17-May,,,,,,30,8,0.266666667,0,44,1,1,2,0,10,2,0,0,0,4,0,0,0,3,1,0,0,0,0,0,0,0,1,0,0,0,0,0,0,0,0,0,0,0,0,0,0,0,0,0,0,0,0,0,0,0,0,0,0,0,0,0,0,0
27/05/2017,,,,,27-May,,,,,,24,5,0.208333333,0,44,0,2,7,0,9,2,0,0,0,0,0,0,0,4,0,0,0,0,0,0,0,0,0,0,0,0,0,0,0,0,0,0,0,0,0,0,0,0,0,0,0,0,0,0,0,0,0,0,0,0,0,0,0,0
6/06/2017,,,,,6-Jun,,,,,,12,5,0.416666667,0,44,1,0,3,1,2,1,0,0,0,0,0,0,0,0,0,0,0,0,0,0,0,0,0,0,0,0,0,0,0,0,0,0,0,0,0,0,0,0,0,0,1,0,0,0,0,0,0,0,0,0,0,0,0,0
16/06/2017,,,,,16-Jun,,,,,,24,8,0.333333333,0,44,0,1,3,0,4,2,1,1,0,6,0,0,0,1,0,0,0,0,0,0,0,0,0,1,0,0,0,0,0,0,0,0,0,0,0,0,0,0,0,0,0,0,0,0,0,0,0,0,0,0,0,0,0,0
26/06/2017,,,,,26-Jun,,,,,,26,5,0.192307692,0,44,0,3,5,0,7,1,0,0,0,4,0,0,0,0,0,0,0,0,0,0,0,0,0,0,0,0,0,0,0,0,0,0,0,0,0,0,0,0,0,0,0,0,0,0,0,0,0,0,0,0,0,0,0,0
6/07/2017,,,,,6-Jul,,,,,,21,5,0.238095238,0,44,0,3,1,0,0,0,0,0,0,5,0,0,0,3,0,0,0,0,0,0,0,0,0,1,0,0,0,0,0,0,0,0,0,0,0,0,0,0,0,0,0,0,0,0,0,0,0,0,0,0,0,0,0,0
16/07/2017,,,,,16-Jul,,,,,,14,5,0.357142857,0,44,0,2,3,0,3,1,0,0,0,1,0,0,0,9,0,0,0,0,0,0,0,0,0,0,0,0,0,0,0,0,0,0,0,0,0,0,0,0,0,0,0,0,0,0,0,0,0,0,0,0,0,0,0,0
26/07/2017,,,,,26-Jul,,,,,,20,5,0.25,0,44,0,3,1,0,4,1,0,0,0,2,0,0,0,0,0,0,0,0,0,0,0,0,0,0,0,0,0,0,0,0,0,0,0,0,0,0,0,0,0,0,0,0,0,0,0,0,0,0,0,0,0,0,0,0
5/08/2017,,,,,5-Aug,,,,,,30,7,0.233333333,0,44,0,6,2,1,0,0,0,0,0,8,0,0,0,2,1,0,0,0,0,0,0,0,0,1,0,0,0,0,0,0,0,0,0,0,0,0,0,0,0,0,0,0,0,0,0,0,0,0,0,0,0,0,0,0
15/08/2017,,,,,15-Aug,,,,,,25,8,0.32,0,44,0,3,0,1,0,1,0,0,0,9,1,0,0,1,1,0,0,0,0,0,0,0,0,2,0,0,0,0,0,0,0,0,0,0,0,0,0,0,0,0,0,0,0,0,0,0,0,0,0,0,0,0,0,0
25/08/2017,,,,,25-Aug,,,,,,19,6,0.315789474,0,44,0,1,0,1,2,0,0,0,0,9,0,0,0,1,0,0,0,0,1,0,0,0,0,0,0,0,0,0,0,0,0,0,0,0,0,0,0,0,0,0,0,0,0,0,0,0,0,0,0,0,0,0,0,0
4/09/2017,,,,,4-Sep,,,,,,25,9,0.36,0,44,0,2,5,2,2,0,1,1,0,9,0,0,0,2,1,0,0,0,0,0,0,0,0,0,0,0,0,0,0,2,0,0,0,0,0,0,0,0,0,0,0,0,0,0,0,0,0,0,0,0,0,0,0,0
14/09/2017,,,,,14-Sep,,,,,,41,6,0.146341463,0,44,0,12,1,0,3,0,0,0,0,12,0,0,0,11,1,0,0,0,0,0,0,0,0,0,0,0,0,0,0,0,0,0,0,0,1,0,0,0,0,0,0,0,0,0,0,0,0,0,0,0,0,0,0,0
24/09/2017,,,,,24-Sep,,,,,,49,10,0.204081633,0,44,0,17,1,0,4,3,0,0,0,5,0,0,0,32,6,0,0,0,1,0,0,0,0,0,0,0,0,0,0,0,0,3,0,0,0,0,0,0,0,0,0,0,0,0,0,0,0,0,0,0,0,0,0,0
4/10/2017,,,,,4-Oct,,,,,,47,8,0.170212766,0,44,0,18,4,0,0,3,0,0,0,8,5,0,0,11,0,0,0,0,0,0,0,0,0,1,0,0,0,0,0,1,0,0,0,0,0,0,0,0,4,0,0,0,0,0,0,0,0,0,0,0,0,0,0,0
14/10/2017,,,,,14-Oct,,,,,,51,14,0.274509804,0,44,3,12,2,2,6,4,0,0,0,4,3,0,0,14,0,0,0,0,0,0,0,0,0,2,0,0,0,0,0,3,1,4,0,0,0,0,0,0,0,0,3,0,0,0,1,0,0,0,0,0,0,0,0,0
24/10/2017,,,,,24-Oct,,,,,,47,11,0.234042553,1,45,0,11,1,1,5,1,0,0,0,3,7,0,0,11,0,0,0,0,0,0,0,0,0,0,0,0,0,0,0,0,1,0,0,0,0,0,0,0,0,0,0,0,0,0,1,0,0,1,0,0,0,0,0,0
3/11/2017,,,,,3-Nov,,,,,,55,10,0.181818182,0,45,1,7,6,8,7,4,0,0,0,6,0,0,0,10,0,0,0,0,0,0,0,1,0,0,0,0,0,0,0,1,2,0,0,0,0,0,0,0,0,0,0,0,0,0,0,0,0,0,0,0,0,0,0,0
13/11/2017,,,,,13-Nov,,,,,,41,8,0.195121951,0,45,0,7,2,3,2,7,0,0,0,5,0,0,0,2,0,0,0,0,0,0,0,0,0,0,0,0,0,0,0,0,2,0,0,0,0,0,0,0,0,0,0,0,0,0,0,0,0,0,0,0,0,0,0,0
23/11/2017,,,,,23-Nov,,,,,,53,10,0.188679245,0,45,1,6,1,1,7,5,0,0,0,6,0,0,0,10,0,0,0,0,0,0,0,1,0,0,0,0,0,0,0,6,1,0,0,0,0,0,0,0,0,0,0,0,0,0,0,0,0,0,0,0,0,0,0,0
3/12/2017,,,,,3-Dec,,,,,,35,8,0.228571429,0,45,0,8,3,0,8,1,0,0,0,3,0,0,0,21,0,0,0,0,0,0,0,0,0,1,0,0,0,0,0,1,0,0,0,0,0,0,0,0,0,0,0,0,0,0,0,0,0,0,0,0,0,0,0,0
13/12/2017,,,,,13-Dec,,,,,,42,5,0.119047619,0,45,0,10,0,0,4,4,0,0,0,10,0,0,0,19,0,0,0,0,0,0,0,0,0,0,0,0,0,0,0,0,0,0,0,0,0,0,0,0,1,0,0,0,0,0,0,0,0,0,0,0,0,0,0,0
23/12/2017,,,,,23-Dec,,,,,,57,9,0.157894737,1,46,1,6,0,0,4,4,0,0,0,8,1,0,0,40,0,0,0,0,0,0,0,1,0,0,0,0,0,0,0,1,0,0,0,0,0,0,0,0,0,0,0,0,0,0,0,0,0,0,1,0,0,0,0,0
2/01/2018,,,,,,2-Jan,,,,,45,7,0.155555556,0,46,0,5,0,0,2,3,0,0,0,16,2,0,0,6,0,0,0,0,0,0,0,0,0,0,0,0,0,0,0,2,0,0,0,0,0,0,0,0,0,0,0,0,0,0,0,0,0,0,0,0,0,0,0,0
12/01/2018,,,,,,12-Jan,,,,,53,7,0.132075472,0,46,0,3,0,0,9,4,0,0,0,11,1,0,0,7,1,0,0,0,0,0,0,0,0,0,0,0,0,0,0,0,1,0,0,0,0,0,0,0,1,0,0,0,0,0,0,0,0,0,0,0,0,0,0,0
22/01/2018,,,,,,22-Jan,,,,,67,8,0.119402985,0,46,0,3,0,0,5,11,0,0,0,10,0,0,0,8,0,0,0,0,1,0,0,0,0,0,0,0,0,0,0,1,0,0,0,0,0,1,0,0,1,0,0,0,0,0,0,0,0,0,0,0,0,0,0,0
1/02/2018,,,,,,1-Feb,,,,,58,7,0.120689655,0,46,0,17,0,0,13,1,0,0,0,8,1,0,0,10,0,0,0,0,0,0,0,0,0,0,0,0,0,0,0,1,1,0,0,0,0,0,0,0,0,0,0,0,0,0,0,0,0,0,0,0,0,0,0,0
11/02/2018,,,,,,11-Feb,,,,,38,8,0.210526316,0,46,0,1,2,0,16,0,0,0,0,6,2,0,0,10,0,0,0,0,0,0,0,0,0,1,0,0,0,0,0,1,0,0,0,0,0,0,0,0,0,0,0,0,0,0,0,0,0,0,0,0,0,0,0,0
21/02/2018,,,,,,21-Feb,,,,,34,9,0.264705882,0,46,1,14,0,0,2,1,0,0,0,5,1,0,0,6,0,0,0,0,1,0,0,0,1,0,0,0,0,0,0,0,1,0,0,0,0,0,0,0,1,0,0,0,0,0,0,0,0,0,0,0,0,0,0,0
3/03/2018,,,,,,3-Mar,,,,,37,9,0.243243243,0,46,0,6,2,0,9,2,0,0,0,3,1,0,0,10,0,0,0,0,0,0,0,0,0,0,0,0,0,0,0,5,1,0,0,0,0,0,0,0,0,0,0,0,0,0,0,0,0,0,0,0,0,0,0,0
13/03/2018,,,,,,13-Mar,,,,,52,9,0.173076923,0,46,0,22,1,0,9,3,0,0,0,3,0,0,0,13,2,0,0,0,0,1,0,0,0,0,0,0,0,0,0,3,0,0,0,0,0,0,0,0,0,0,0,0,0,0,0,0,0,0,0,0,0,0,0,0
23/03/2018,,,,,,23-Mar,,,,,22,10,0.454545455,0,46,1,9,0,3,2,3,0,0,0,1,0,0,0,6,1,0,0,0,1,0,0,0,0,0,0,0,0,0,0,1,0,0,0,0,0,0,0,0,0,0,1,0,0,0,0,0,0,0,0,0,0,0,0,0
2/04/2018,,,,,,2-Apr,,,,,39,8,0.205128205,0,46,0,18,0,0,3,5,0,0,0,4,0,0,0,13,0,0,0,0,1,1,0,0,0,0,0,0,0,0,0,2,0,0,0,0,0,0,0,0,0,0,0,0,0,0,0,0,0,0,0,0,0,0,0,0
12/04/2018,,,,,,12-Apr,,,,,60,7,0.116666667,1,47,0,35,1,0,4,4,0,0,0,9,0,0,0,56,0,0,0,0,0,0,0,0,0,2,0,0,0,0,0,1,0,0,0,0,0,0,0,0,0,0,0,0,0,0,0,0,0,0,0,1,0,0,0,0
22/04/2018,,,,,,22-Apr,,,,,34,6,0.176470588,1,48,0,20,0,0,4,0,1,0,0,0,1,0,0,6,0,0,0,0,0,0,0,0,0,0,0,0,0,0,0,1,0,0,0,0,0,0,0,0,0,0,0,0,0,0,0,0,0,0,0,0,1,0,0,0
2/05/2018,,,,,,2-May,,,,,45,10,0.222222222,1,49,0,17,0,0,4,3,1,0,0,2,2,0,0,6,1,1,0,0,0,0,0,0,0,0,0,0,0,0,0,0,0,0,0,0,0,0,0,0,0,0,0,0,0,0,0,0,0,0,0,0,1,1,0,0
12/05/2018,,,,,,12-May,,,,,30,7,0.233333333,0,49,0,10,5,0,0,3,3,0,0,4,3,0,0,3,0,0,0,0,0,0,0,0,0,0,0,0,0,0,0,0,0,0,0,0,0,0,0,0,0,0,0,0,0,0,0,0,0,0,0,0,3,0,0,0
22/05/2018,,,,,,22-May,,,,,21,4,0.19047619,0,49,0,8,4,0,0,2,0,0,0,0,1,0,0,0,0,0,0,0,0,0,0,0,0,0,0,0,0,0,0,0,0,0,0,0,0,0,0,0,0,0,0,0,0,0,0,0,0,0,0,0,0,0,0,0
1/06/2018,,,,,,1-Jun,,,,,18,6,0.333333333,0,49,0,1,3,0,4,0,0,0,0,0,0,0,0,1,0,0,0,0,1,0,0,0,0,0,0,0,0,0,0,0,0,0,0,0,0,0,0,0,0,0,0,0,0,0,0,0,0,0,0,0,0,0,0,0
27/06/2018,,,,,,27-Jun,,,,,31,5,0.161290323,0,49,2,6,1,0,8,2,0,0,0,0,0,0,0,0,0,0,0,0,0,0,0,0,0,0,0,0,0,0,0,0,0,0,0,0,0,0,0,0,1,0,2,0,0,0,0,0,0,0,0,0,0,0,0,0
22/07/2018,,,,,,22-Jul,,,,,20,5,0.25,0,49,0,7,0,0,4,2,0,0,0,0,2,0,0,1,0,0,0,0,0,0,0,0,0,0,0,0,0,0,0,0,0,0,0,0,0,0,0,0,0,0,0,0,0,0,0,0,0,0,0,0,0,0,0,0
5/08/2018,,,,,,5-Aug,,,,,20,3,0.15,0,49,0,7,0,0,7,0,0,0,0,1,0,0,0,0,0,0,0,0,0,0,0,0,0,0,0,0,0,0,0,0,0,0,0,0,0,0,0,0,0,0,0,0,0,0,0,0,0,0,0,0,0,0,0,0
20/08/2018,,,,,,20/08/2013,,,,,15,7,0.466666667,0,49,0,2,0,0,5,2,2,1,0,2,0,0,0,3,0,0,0,0,0,0,0,0,0,0,0,0,0,0,0,0,0,0,0,0,0,0,0,0,0,0,0,0,0,0,0,0,0,0,0,0,1,0,0,0
30/08/2018,,,,,,30-Aug,,,,,16,4,0.25,0,49,0,2,0,0,2,1,0,0,0,2,0,0,0,0,0,0,0,0,0,0,0,0,0,0,0,0,0,0,0,0,0,0,0,0,0,0,0,0,0,0,0,0,0,0,0,0,0,0,0,0,0,0,0,0
9/09/2018,,,,,,9/09/2013,,,,,23,11,0.47826087,1,50,0,5,2,0,5,1,1,1,0,1,0,0,0,2,0,0,0,0,0,1,0,0,0,0,0,0,0,0,0,1,1,0,0,0,0,0,0,0,0,0,0,0,0,0,0,0,0,0,0,0,0,0,1,0
19/09/2018,,,,,,19-Sep,,,,,24,8,0.333333333,0,50,0,2,3,0,10,1,0,0,0,1,0,0,0,1,2,0,0,0,0,0,0,0,0,0,0,0,0,0,0,1,0,0,0,0,0,0,0,0,0,0,0,0,0,0,0,0,0,0,0,0,0,0,0,0
29/09/2018,,,,,,29/09/2013,,,,,25,10,0.4,0,50,0,0,2,1,5,1,1,0,1,11,1,0,0,2,0,0,0,0,0,0,0,0,0,0,0,0,0,0,0,1,0,0,0,0,0,0,0,0,0,0,0,0,0,0,0,0,0,0,0,0,0,0,1,0
9/10/2018,,,,,,9-Oct,,,,,33,11,0.333333333,0,50,0,1,2,0,9,1,2,1,1,3,7,0,0,1,0,0,1,0,0,0,0,0,0,0,0,0,0,0,0,3,0,0,0,0,0,0,0,0,0,0,0,0,0,0,0,0,0,0,0,0,0,0,0,0
19/10/2018,,,,,,19/10/2013,,,,,28,9,0.321428571,0,50,0,1,5,1,8,1,0,0,0,1,2,0,0,4,0,0,0,0,0,0,0,0,0,0,0,0,0,0,0,0,0,0,0,0,1,0,0,0,0,0,0,0,0,0,0,0,0,0,0,0,0,0,0,0
29/10/2018,,,,,,29-Oct,,,,,31,12,0.387096774,0,50,1,1,6,1,7,0,1,1,0,0,0,0,0,6,1,0,0,0,0,0,0,0,1,1,0,0,0,0,0,2,1,0,0,0,0,0,0,0,0,0,0,0,0,0,0,0,0,0,0,0,0,0,1,0
8/11/2018,,,,,,8/11/2013,,,,,39,8,0.205128205,0,50,0,1,4,0,5,5,0,0,0,2,0,0,0,14,0,0,0,0,0,0,0,0,0,0,0,0,0,0,0,12,1,0,0,0,0,0,0,0,0,0,0,0,0,0,0,0,0,0,0,0,0,0,0,0
18/11/2018,,,,,,18-Nov,,,,,21,7,0.333333333,0,50,0,0,3,0,10,2,0,0,0,1,0,0,0,4,1,0,0,0,0,0,0,0,0,0,0,0,0,0,0,0,0,0,0,0,0,0,0,0,0,0,0,0,0,0,0,0,0,0,0,0,0,0,0,0
28/11/2018,,,,,,28/11/2013,,,,,33,8,0.242424242,0,50,1,1,6,0,3,3,0,0,0,3,0,0,0,7,0,0,0,0,0,0,0,1,0,0,0,0,0,0,0,0,0,0,0,0,0,0,0,0,0,0,0,0,0,0,0,0,0,0,0,0,0,0,1,0
8/12/2018,,,,,,8-Dec,,,,,38,9,0.236842105,0,50,1,1,1,0,3,5,0,0,0,12,0,0,0,10,0,0,0,0,2,0,0,0,0,0,0,0,0,0,0,3,0,0,0,0,0,0,0,0,0,0,1,0,0,0,0,0,0,0,0,0,0,0,0,0
18/12/2018,,,,,,18/12/2013,,,,,23,8,0.347826087,0,50,1,1,0,1,2,0,0,0,0,5,0,0,0,4,0,0,0,0,0,0,0,1,0,0,0,0,0,0,0,2,0,0,0,0,0,0,0,0,0,0,0,0,0,0,0,0,0,0,0,0,0,0,1,0
28/12/2018,,,,,,28-Dec,,,,,60,7,0.116666667,0,50,0,1,0,0,8,9,0,0,0,24,0,0,0,17,0,0,0,0,0,0,0,0,0,1,0,0,0,0,0,0,0,0,0,0,1,0,0,0,0,0,0,0,0,0,0,0,0,0,0,0,0,0,0,0
7/01/2019,,,,,,,7/01/2013,,,,60,7,0.116666667,0,50,0,3,0,1,9,2,0,0,0,27,0,0,0,8,0,0,0,0,0,0,0,0,0,2,0,0,0,0,0,0,0,0,0,0,0,0,0,0,0,0,0,0,0,0,0,0,0,0,0,0,0,0,0,0
17/01/2019,,,,,,,17-Jan,,,,45,7,0.155555556,0,50,0,2,0,2,4,5,0,0,0,17,0,0,0,16,0,0,0,0,0,0,0,0,0,0,0,0,0,0,0,2,0,0,0,0,0,0,0,0,0,0,0,0,0,0,0,0,0,0,0,0,0,0,0,0
27/01/2019,,,,,,,27/01/2013,,,,45,11,0.244444444,0,50,0,2,1,0,4,7,0,0,0,3,1,0,0,4,0,0,0,0,1,0,0,0,0,1,0,0,0,0,0,3,0,0,0,0,0,0,0,0,0,0,0,0,0,0,0,3,0,0,0,1,0,0,0,0
6/02/2019,,,,,,,6-Feb,,,,26,6,0.230769231,0,50,0,1,2,0,4,4,0,0,0,0,0,0,0,3,0,0,0,0,0,0,0,0,0,0,0,0,0,0,0,3,0,0,0,0,0,0,0,0,0,0,0,0,0,0,0,0,0,0,0,0,0,0,0,0
16/02/2019,,,,,,,16/02/2013,,,,32,6,0.1875,0,50,0,2,1,0,4,5,0,0,0,0,0,0,0,17,0,0,0,0,0,0,0,0,0,0,0,0,0,0,0,3,0,0,0,0,0,0,0,0,0,0,0,0,0,0,0,0,0,0,0,0,0,0,0,0
26/02/2019,,,,,,,26-Feb,,,,27,6,0.222222222,0,50,0,1,0,1,3,6,0,0,0,3,0,0,0,0,0,0,0,0,0,0,0,0,0,0,0,0,0,0,0,1,0,0,0,0,0,0,0,0,0,0,0,0,0,0,0,0,0,0,0,0,0,0,0,0
8/03/2019,,,,,,,8/03/2013,,,,46,5,0.108695652,0,50,1,0,0,0,8,16,0,0,0,6,0,0,0,7,0,0,0,0,0,0,0,0,0,0,0,0,0,0,0,0,0,0,0,1,0,0,0,0,0,0,0,0,0,0,0,0,0,0,0,0,0,0,0,0
18/03/2019,,,,,,,18-Mar,,,,30,7,0.233333333,0,50,0,0,1,0,2,6,0,0,0,4,0,0,0,2,1,0,0,0,0,0,0,0,0,0,0,0,0,0,0,0,1,0,0,0,0,0,0,0,0,0,0,0,0,0,0,0,0,0,0,0,0,0,0,0
28/03/2019,,,,,,,28/03/2013,,,,24,6,0.25,0,50,0,1,0,4,1,6,0,0,0,6,0,0,0,7,0,0,0,0,0,0,0,0,0,0,0,0,0,0,0,1,0,0,0,0,0,0,0,0,0,0,0,0,0,0,0,0,0,0,0,0,0,0,0,0
7/04/2019,,,,,,,7-Apr,,,,28,8,0.285714286,0,50,0,1,2,3,4,7,0,0,0,1,0,0,0,2,0,0,0,0,1,0,0,0,0,0,0,0,0,0,0,0,0,0,0,0,0,0,0,0,0,0,0,0,0,0,0,0,0,0,0,0,0,0,0,0
17/04/2019,,,,,,,17/04/2013,,,,26,5,0.192307692,0,50,0,0,1,0,4,7,0,0,0,1,0,0,0,7,0,0,0,0,0,0,0,0,0,0,0,0,0,0,0,0,0,0,0,0,0,0,0,0,0,0,0,0,0,0,0,0,0,0,0,0,0,0,0,0
27/04/2019,,,,,,,27-Apr,,,,36,7,0.194444444,0,50,0,0,0,0,8,10,0,0,0,1,0,0,0,28,2,0,1,0,0,0,0,0,0,1,0,0,0,0,0,0,0,0,0,0,0,0,0,0,0,0,0,0,0,0,0,0,0,0,0,0,0,0,0,0
7/05/2019,,,,,,,7/05/2013,,,,14,7,0.5,0,50,0,2,1,1,0,1,1,0,0,2,0,0,0,5,0,0,0,0,0,0,0,0,0,0,0,0,0,0,0,1,0,0,0,0,0,0,0,0,0,0,0,0,0,0,0,0,0,0,0,0,1,0,0,0
17/05/2019,,,,,,,17-May,,,,16,6,0.375,0,50,0,1,0,0,1,1,0,0,0,6,0,0,0,2,2,0,0,0,0,0,0,0,0,0,0,0,0,0,0,0,0,0,0,0,0,0,0,0,0,0,0,0,0,0,0,0,0,0,0,0,0,0,0,0
27/05/2019,,,,,,,27/05/2013,,,,16,5,0.3125,0,50,1,1,0,0,0,2,0,0,0,4,0,0,0,7,0,0,0,0,0,0,0,1,0,0,0,0,0,0,0,0,0,0,0,0,0,0,0,0,0,0,0,0,0,0,0,0,0,0,0,0,0,0,0,0
6/06/2019,,,,,,,6-Jun,,,,22,5,0.227272727,0,50,0,0,6,0,2,1,0,0,0,0,0,0,0,0,2,0,0,0,0,0,0,0,0,0,0,0,0,0,0,2,0,0,0,0,0,0,0,0,0,0,0,0,0,0,0,0,0,0,0,0,0,0,0,0
16/06/2019,,,,,,,16/06/2013,,,,22,7,0.318181818,0,50,1,3,3,0,1,2,0,0,0,2,0,0,0,0,0,0,0,0,0,4,0,1,0,0,0,0,0,0,0,0,0,0,0,0,0,0,0,0,0,0,0,0,0,0,0,0,0,0,0,0,0,0,0,0
7/07/2019,,,,,,,7-Jul,,,,19,6,0.315789474,0,50,0,0,3,2,4,0,0,0,0,1,0,0,0,0,0,0,0,0,1,0,0,0,0,0,0,0,0,0,0,1,0,0,0,0,0,0,0,0,0,0,0,0,0,0,0,0,0,0,0,0,0,0,0,0
27/07/2019,,,,,,,27-Jul,,,,18,9,0.5,0,50,0,1,1,1,0,2,2,0,0,1,0,0,2,5,0,0,1,0,2,0,0,0,0,0,0,0,0,0,0,0,0,0,0,0,0,0,0,0,0,0,0,0,0,0,0,0,0,0,0,0,0,0,0,0
6/08/2019,,,,,,,6-Aug,,,,28,6,0.214285714,0,50,0,1,7,0,1,4,0,0,0,0,0,0,0,0,1,0,0,0,0,1,0,0,0,0,0,0,0,0,0,0,0,0,0,0,0,0,0,0,0,0,0,0,0,0,0,0,0,0,0,0,0,0,0,0
16/08/2019,,,,,,,16-Aug,,,,18,4,0.222222222,0,50,0,0,0,0,7,0,0,0,0,2,0,0,0,0,0,0,0,0,0,0,0,0,0,1,0,0,0,0,0,0,0,0,0,0,0,0,0,0,0,0,0,0,0,0,0,0,0,0,0,0,0,0,0,0
26/08/2019,,,,,,,26-Aug,,,,35,9,0.257142857,0,50,0,6,1,0,4,4,0,0,0,5,0,0,0,4,0,0,0,0,0,2,0,0,0,0,0,0,0,0,0,1,3,0,0,0,0,0,0,0,0,0,0,0,0,0,0,0,0,0,0,0,0,0,0,0
5/09/2019,,,,,,,5-Sep,,,,33,9,0.272727273,0,50,1,1,2,0,12,3,0,0,0,5,1,0,0,6,0,0,0,0,0,1,0,1,0,0,0,0,0,0,0,0,0,0,0,0,0,0,0,0,0,0,0,0,0,0,0,0,0,0,0,0,0,0,0,0
15/09/2019,,,,,,,15-Sep,,,,29,10,0.344827586,0,50,0,2,2,0,3,2,1,0,0,3,0,0,1,3,2,0,0,0,0,1,0,0,0,0,0,0,0,0,0,0,1,0,0,0,0,0,0,0,0,0,0,0,0,0,0,0,0,0,0,0,0,0,0,0
25/09/2019,,,,,,,25-Sep,,,,30,6,0.2,0,50,0,0,4,0,14,3,0,0,0,4,0,0,0,1,0,0,0,0,0,0,0,0,0,0,0,0,0,0,0,0,1,0,0,0,0,0,0,0,0,0,0,0,0,0,0,0,0,0,0,0,0,0,0,0
5/10/2019,,,,,,,5-Oct,,,,46,7,0.152173913,0,50,2,0,3,0,3,0,2,0,0,24,0,0,0,4,0,0,0,0,0,0,2,2,0,0,0,0,0,0,0,1,0,0,0,0,0,0,0,0,0,0,0,0,0,0,0,0,0,0,0,0,2,0,0,0
15/10/2019,,,,,,,15-Oct,,,,49,8,0.163265306,0,50,0,6,2,0,11,2,0,0,0,10,0,0,0,2,0,0,0,0,0,0,0,0,0,0,0,0,0,0,0,1,0,0,0,0,0,1,0,0,0,0,0,0,0,0,0,0,0,0,0,0,0,0,0,0
25/10/2019,,,,,,,25-Oct,,,,35,7,0.2,0,50,0,2,2,1,3,4,0,0,0,6,0,0,0,14,0,0,0,0,0,0,0,0,0,0,0,0,0,0,0,0,1,0,0,0,0,0,0,0,0,0,0,0,0,0,0,0,0,0,0,0,0,0,0,0
4/11/2019,,,,,,,4-Nov,,,,22,6,0.272727273,0,50,0,1,0,0,3,2,0,0,0,3,0,0,0,0,0,0,0,0,0,0,0,0,0,0,0,0,0,0,0,1,1,0,0,0,0,0,0,0,0,0,0,0,0,0,0,0,0,0,0,0,0,0,0,0
14/11/2019,,,,,,,14-Nov,,,,54,10,0.185185185,0,50,0,3,0,1,23,3,0,0,0,6,1,0,0,2,1,0,0,0,0,0,0,0,0,0,0,0,0,0,0,0,1,1,0,0,0,0,0,0,0,0,0,0,0,0,0,0,0,0,0,0,0,0,0,0
24/11/2019,,,,,,,24-Nov,,,,38,7,0.184210526,0,50,0,2,0,0,8,7,0,0,0,1,0,0,0,12,0,0,0,0,0,0,0,0,0,0,0,0,0,0,0,1,0,0,0,0,0,0,0,0,0,0,0,0,0,0,0,0,0,0,0,0,0,0,0,0
4/12/2019,,,,,,,4-Dec,,,,36,7,0.194444444,0,50,0,6,0,0,7,4,0,0,0,2,1,0,0,12,0,0,0,0,0,0,0,0,0,0,0,0,0,0,0,0,2,0,0,0,0,0,0,0,0,0,0,0,0,0,0,0,0,0,0,0,0,0,0,0
14/12/2019,,,,,,,14-Dec,,,,30,8,0.266666667,0,50,0,1,0,0,5,4,1,0,0,2,1,0,0,1,0,0,0,0,0,0,0,0,0,0,0,0,0,0,0,0,1,0,0,0,0,0,0,0,0,0,0,0,0,0,0,0,0,0,0,0,1,0,0,0
24/12/2019,,,,,,,24-Dec,,,,46,12,0.260869565,1,51,1,1,9,1,7,1,0,0,0,1,4,0,0,4,0,0,0,0,0,0,0,0,0,1,0,0,0,0,0,0,1,0,0,1,0,0,0,0,0,0,0,0,0,0,0,0,0,0,0,0,0,0,0,7
7/01/2020,,,,,,,,7-Jan,,,11,3,0.272727273,0,51,0,2,0,0,14,1,0,0,0,0,0,0,0,0,0,0,0,0,0,0,0,0,0,0,0,0,0,0,0,0,0,0,0,0,0,0,0,0,0,0,0,0,0,0,0,0,0,0,0,0,0,0,0,0
17/01/2020,,,,,,,,17-Jan,,,17,4,0.235294118,0,51,0,0,0,2,8,0,0,0,0,5,0,0,0,0,0,0,0,0,0,0,0,0,0,0,0,0,0,0,0,0,0,0,0,0,0,0,0,0,0,0,0,0,0,0,0,0,0,0,0,0,0,0,0,0
27/01/2020,,,,,,,,27-Jan,,,26,5,0.192307692,0,51,0,0,0,0,8,1,0,0,0,4,1,0,0,5,0,0,0,0,0,0,0,0,0,0,0,0,0,0,0,0,0,0,0,0,0,0,0,0,0,0,0,0,0,0,0,0,0,0,0,0,0,0,0,0
6/02/2020,,,,,,,,6-Feb,,,31,6,0.193548387,0,51,0,0,0,2,10,1,1,0,0,6,0,0,0,3,0,0,0,0,0,0,0,0,0,0,0,0,0,0,0,0,0,0,0,0,0,0,0,0,0,0,0,0,0,0,0,0,0,0,0,0,1,0,0,0
16/02/2020,,,,,,,,16-Feb,,,28,7,0.25,0,51,0,5,0,1,12,5,0,0,0,3,1,0,0,14,0,0,0,0,0,0,0,0,0,0,0,0,0,0,0,0,0,0,0,0,0,0,0,0,0,0,0,0,0,0,0,0,0,0,0,0,0,0,0,0
26/02/2020,,,,,,,,26-Feb,,,30,7,0.233333333,0,51,0,5,1,2,9,1,0,0,0,4,0,0,0,4,0,0,0,0,0,0,0,0,0,0,0,0,0,0,0,0,0,0,0,0,0,0,0,0,0,0,0,0,0,0,0,0,0,0,0,0,0,0,0,0
7/03/2020,,,,,,,,8-Mar,,,23,7,0.304347826,0,51,0,1,0,1,8,3,0,0,0,0,2,0,0,6,0,0,0,0,0,0,0,0,0,0,0,0,0,0,0,0,0,0,0,0,0,0,0,0,0,0,0,0,0,0,0,0,0,0,0,0,0,0,0,1
17/03/2020,,,,,,,,18-Mar,,,25,6,0.24,0,51,0,3,0,1,11,2,0,0,0,0,2,0,0,1,0,0,0,0,0,0,0,0,0,0,0,0,0,0,0,0,0,0,0,0,0,0,0,0,0,0,0,0,0,0,0,0,0,0,0,0,0,0,0,0
27/03/2020,,,,,,,,28-Mar,,,18,8,0.444444444,0,51,0,2,1,0,6,2,1,0,0,1,0,0,0,5,0,0,0,0,0,0,0,0,0,0,0,0,0,0,0,0,1,0,0,0,0,0,0,0,0,0,0,0,0,0,0,0,0,0,0,0,1,0,0,0
6/04/2020,,,,,,,,7-Apr,,,16,4,0.25,0,51,0,7,0,0,7,2,0,0,0,0,0,0,0,3,0,0,0,0,0,0,0,0,0,0,0,0,0,0,0,0,0,0,0,0,0,0,0,0,0,0,0,0,0,0,0,0,0,0,0,0,0,0,0,0
16/04/2020,,,,,,,,17-Apr,,,17,4,0.235294118,0,51,0,9,0,0,5,0,2,0,0,0,0,0,0,4,0,0,0,0,0,0,0,0,0,0,0,0,0,0,0,0,0,0,0,0,0,0,0,0,0,0,0,0,0,0,0,0,0,0,0,0,2,0,0,0
26/04/2020,,,,,,,,27-Apr,,,24,6,0.25,0,51,0,8,0,1,10,2,4,0,0,0,1,0,0,0,0,0,0,0,0,0,0,0,0,0,0,0,0,0,0,0,0,0,0,0,0,0,0,0,0,0,0,0,0,0,0,0,0,0,0,0,4,0,0,0
6/05/2020,,,,,,,,7-May,,,19,7,0.368421053,0,51,0,1,0,0,11,1,1,0,0,0,1,0,0,3,0,0,0,0,0,0,0,0,0,0,0,0,0,0,0,1,0,0,0,0,0,0,0,0,0,0,0,0,0,0,0,0,0,0,0,0,1,0,0,0
16/05/2020,,,,,,,,17-May,,,24,6,0.25,0,51,0,1,0,1,9,1,0,0,0,0,8,0,0,0,0,0,0,0,0,0,0,0,0,0,0,0,0,0,0,1,0,0,0,0,0,0,0,0,0,0,0,0,0,0,0,0,0,0,0,0,0,0,0,0
26/05/2020,,,,,,,,27-May,,,22,7,0.318181818,0,51,0,9,0,1,2,2,0,0,0,1,2,0,0,1,0,0,0,0,0,0,0,0,0,0,0,0,0,0,0,0,0,0,0,0,0,0,0,0,0,0,0,0,0,0,0,0,0,0,0,0,0,0,0,0
5/06/2020,,,,,,,,6-Jun,,,8,6,0.75,0,51,0,1,0,0,1,1,1,0,0,0,0,0,1,1,0,0,0,0,0,0,0,0,0,0,0,0,0,0,0,1,0,0,0,0,0,0,0,0,0,0,0,0,0,0,0,0,0,0,0,0,0,0,0,0
15/06/2020,,,,,,,,16-Jun,,,24,5,0.208333333,0,51,0,2,0,0,3,8,0,0,0,0,1,0,0,0,0,0,0,0,0,0,0,0,0,0,0,0,0,0,0,0,0,0,0,0,0,0,0,0,0,0,0,0,0,0,0,0,0,0,0,0,0,0,0,0
25/06/2020,,,,,,,,26-Jun,,,12,4,0.333333333,0,51,0,2,0,0,6,5,0,0,0,0,0,0,0,0,0,0,0,0,0,0,0,0,0,0,0,0,0,0,0,0,0,0,0,0,0,0,0,0,0,0,0,0,0,0,0,0,0,0,0,0,0,0,0,0
5/07/2020,,,,,,,,6-Jul,,,11,4,0.363636364,0,51,0,2,0,0,0,4,0,0,0,1,0,0,0,1,0,0,0,0,0,0,0,0,0,0,0,0,0,0,0,0,0,0,0,0,0,0,0,0,0,0,0,0,0,0,0,0,0,0,0,0,0,0,0,0
15/07/2020,,,,,,,,16-Jul,,,13,4,0.307692308,0,51,0,2,0,0,1,2,0,0,0,0,1,0,0,0,0,0,0,0,0,0,0,0,0,0,0,0,0,0,0,0,0,0,0,0,0,0,0,0,0,0,0,0,0,0,0,0,0,0,0,0,0,0,0,0
25/07/2020,,,,,,,,26-Jul,,,10,5,0.5,0,51,0,2,0,0,0,3,0,0,0,0,2,0,0,1,0,0,0,0,0,0,0,0,0,0,0,0,0,0,0,1,0,0,0,0,0,0,0,0,0,0,0,0,0,0,0,0,0,0,0,0,0,0,0,0
4/08/2020,,,,,,,,5-Aug,,,9,3,0.333333333,0,51,0,5,0,0,0,1,0,0,0,0,1,0,0,0,0,0,0,0,0,0,0,0,0,0,0,0,0,0,0,0,0,0,0,0,0,0,0,0,0,0,0,0,0,0,0,0,0,0,0,0,0,0,0,0
14/08/2020,,,,,,,,15-Aug,,,22,5,0.227272727,0,51,0,7,0,0,1,3,0,0,0,0,0,0,0,0,0,0,1,0,1,0,0,0,0,0,0,0,0,0,0,0,0,0,0,0,0,0,0,0,0,0,0,0,0,0,0,0,0,0,0,0,0,0,0,0
24/08/2020,,,,,,,,25-Aug,,,13,3,0.230769231,0,51,0,3,0,0,0,9,0,0,0,0,1,0,0,0,0,0,0,0,0,0,0,0,0,0,0,0,0,0,0,0,0,0,0,0,0,0,0,0,0,0,0,0,0,0,0,0,0,0,0,0,0,0,0,0
3/09/2020,,,,,,,,4-Sep,,,21,7,0.333333333,0,51,0,13,0,1,0,2,0,0,0,0,0,0,0,6,0,0,0,0,2,0,0,0,0,0,0,0,0,0,0,0,0,0,0,0,0,0,0,0,0,0,0,0,0,0,0,0,0,0,0,0,0,0,0,0
13/09/2020,,,,,,,,14-Sep,,,19,4,0.210526316,0,51,0,6,0,0,2,4,0,0,0,0,0,0,0,6,0,0,0,0,0,0,0,0,0,0,0,0,0,0,0,0,0,0,0,0,0,0,0,0,0,0,0,0,0,0,0,0,0,0,0,0,0,0,0,0
23/09/2020,,,,,,,,24-Sep,,,38,8,0.210526316,0,51,0,6,3,0,4,10,2,1,0,0,4,0,1,7,0,0,0,0,0,0,0,0,0,0,0,0,0,0,0,0,0,0,0,0,0,0,0,0,0,0,0,0,0,0,0,0,0,0,0,0,0,0,0,0
3/10/2020,,,,,,,,4-Oct,,,15,4,0.266666667,0,51,0,4,0,0,0,9,0,0,0,0,1,0,0,1,0,0,0,0,0,0,0,0,0,0,0,0,0,0,0,0,0,0,0,0,0,0,0,0,0,0,0,0,0,0,0,0,0,0,0,0,0,0,0,0
13/10/2020,,,,,,,,14-Oct,,,31,4,0.129032258,0,51,0,9,1,0,0,13,0,0,0,0,0,0,0,4,0,0,0,0,0,0,0,0,0,0,0,0,0,0,0,0,0,0,0,0,0,0,0,0,0,0,0,0,0,0,0,0,0,0,0,0,0,0,0,0
23/10/2020,,,,,,,,24-Oct,,,24,8,0.333333333,0,51,0,9,1,0,2,5,2,0,1,0,1,0,0,1,0,0,0,0,0,0,0,0,0,0,0,0,0,0,0,0,0,0,0,0,0,0,0,0,0,0,0,0,0,0,0,0,0,0,0,0,1,0,0,0
2/11/2020,,,,,,,,3-Nov,,,15,4,0.266666667,0,51,0,2,0,0,0,2,0,0,0,0,1,0,0,2,0,0,0,0,0,0,0,0,0,0,0,0,0,0,0,0,0,0,0,0,0,0,0,0,0,0,0,0,0,0,0,0,0,0,0,0,0,0,0,0
12/11/2020,,,,,,,,13-Nov,,,24,5,0.208333333,0,51,0,11,0,0,0,6,0,0,0,0,1,0,0,5,0,0,0,0,0,0,0,0,0,0,0,0,0,0,0,0,0,0,0,0,0,0,0,0,1,0,0,0,0,0,0,0,0,0,0,0,0,0,0,0
22/11/2020,,,,,,,,23-Nov,,,18,5,0.277777778,0,51,0,6,0,0,0,4,0,0,0,1,0,0,0,2,0,0,0,0,0,0,0,0,0,0,0,0,0,0,0,0,1,0,0,0,0,0,0,0,0,0,0,0,0,0,0,0,0,0,0,0,0,0,0,0
2/12/2020,,,,,,,,3-Dec,,,21,7,0.333333333,0,51,0,4,0,0,2,9,0,0,0,3,0,0,0,7,0,0,0,0,1,0,0,0,0,0,0,0,0,0,0,0,0,0,0,0,0,0,0,0,0,0,0,0,0,0,0,0,0,0,0,0,0,0,0,0
12/12/2020,,,,,,,,13-Dec,,,58,6,0.103448276,0,51,0,11,0,0,10,28,0,0,0,3,3,0,0,2,0,0,0,0,0,0,0,0,0,0,0,0,0,0,0,0,0,0,0,0,0,0,0,0,0,0,0,0,0,0,0,0,0,0,0,0,0,0,0,0
22/12/2020,,,,,,,,23-Dec,,,49,6,0.12244898,0,51,0,13,0,0,14,4,0,0,0,3,0,0,0,1,0,0,0,0,0,0,0,0,0,0,0,0,0,0,0,1,0,0,0,0,0,0,0,0,0,0,0,0,0,0,0,0,0,0,0,0,0,0,0,0
1/01/2021,,,,,,,,,2-Jan,,45,5,0.111111111,0,51,0,4,0,0,23,4,0,0,0,0,1,0,0,2,0,0,0,0,0,0,0,0,0,0,0,0,0,0,0,0,0,0,0,0,0,0,0,0,0,0,0,0,0,0,0,0,0,0,0,0,0,0,0,0
11/01/2021,,,,,,,,,12-Jan,,35,8,0.228571429,0,51,0,7,2,0,2,7,0,0,0,1,1,0,0,6,0,0,2,0,0,0,0,0,0,0,0,0,0,0,0,0,0,0,0,0,0,0,0,0,0,0,0,0,0,0,0,0,0,0,0,0,0,0,0,0
3/02/2021,,,,,,,,,3-Feb,,27,5,0.185185185,0,51,0,7,0,0,2,5,2,0,0,0,0,0,0,0,0,0,0,1,0,0,0,0,0,0,0,0,0,0,0,0,0,0,0,0,0,0,0,0,0,0,0,0,0,0,0,0,0,0,0,0,2,0,0,0
13/02/2021,,,,,,,,,13-Feb,,38,5,0.131578947,0,51,0,4,0,0,2,27,0,0,0,0,1,0,0,2,0,0,0,0,0,0,0,0,0,0,0,0,0,0,0,0,0,0,0,0,0,0,0,0,0,0,0,0,0,0,0,0,0,0,0,0,0,0,0,0
23/02/2021,,,,,,,,,23-Feb,,25,5,0.2,0,51,0,3,0,0,2,2,0,0,0,0,0,0,0,1,0,0,0,0,0,0,0,0,0,0,0,0,0,0,0,0,0,0,0,0,0,0,0,0,0,0,0,0,0,0,0,0,1,0,0,0,0,0,0,0
5/03/2021,,,,,,,,,5-Mar,,48,8,0.166666667,0,51,0,4,1,0,0,11,0,0,0,1,2,0,0,6,0,0,0,0,2,0,0,0,0,1,0,0,0,0,0,0,0,0,0,0,0,0,0,0,0,0,0,0,0,0,0,0,0,0,0,0,0,0,0,0
15/03/2021,,,,,,,,,15-Mar,,17,3,0.176470588,0,51,0,3,0,0,1,7,0,0,0,0,0,0,0,0,0,0,0,0,0,0,0,0,0,0,0,0,0,0,0,0,0,0,0,0,0,0,0,0,0,0,0,0,0,0,0,0,0,0,0,0,0,0,0,0
25/03/2021,,,,,,,,,25-Mar,,20,4,0.2,0,51,0,5,0,0,0,13,0,0,0,0,0,0,0,4,1,0,0,0,0,0,0,0,0,0,0,0,0,0,0,0,0,0,0,0,0,0,0,0,0,0,0,0,0,0,0,0,0,0,0,0,0,0,0,0
4/04/2021,,,,,,,,,4-Apr,,14,4,0.285714286,0,51,0,1,1,0,0,9,0,0,0,0,0,0,0,3,0,0,0,0,0,0,0,0,0,0,0,0,0,0,0,0,0,0,0,0,0,0,0,0,0,0,0,0,0,0,0,0,0,0,0,0,0,0,0,0
14/04/2021,,,,,,,,,14-Apr,,25,3,0.12,0,51,0,5,0,0,0,15,0,0,0,0,0,0,0,6,0,0,0,0,0,0,0,0,0,0,0,0,0,0,0,0,0,0,0,0,0,0,0,0,0,0,0,0,0,0,0,0,0,0,0,0,0,0,0,0
24/04/2021,,,,,,,,,24-Apr,,14,3,0.214285714,0,51,0,2,0,0,0,9,0,0,0,0,0,0,0,2,0,0,0,0,0,0,0,0,0,0,0,0,0,0,0,0,0,0,0,0,0,0,0,0,0,0,0,0,0,0,0,0,0,0,0,0,0,0,0,0
4/05/2021,,,,,,,,,4-May,,24,6,0.25,0,51,0,2,0,0,0,11,4,2,0,0,0,0,0,1,0,0,0,0,2,0,0,0,0,0,0,0,0,0,0,0,0,0,0,0,0,0,0,0,0,0,0,0,0,0,0,0,0,0,0,0,2,0,0,0
14/05/2021,,,,,,,,,14-May,,31,3,0.096774194,0,51,0,3,0,0,0,19,0,0,0,0,1,0,0,0,0,0,0,0,0,0,0,0,0,0,0,0,0,0,0,0,0,0,0,0,0,0,0,0,0,0,0,0,0,0,0,0,0,0,0,0,0,0,0,0
24/05/2021,,,,,,,,,24-May,,12,2,0.166666667,0,51,0,0,0,0,0,6,0,0,0,0,0,0,0,0,0,0,0,0,2,0,0,0,0,0,0,0,0,0,0,0,0,0,0,0,0,0,0,0,0,0,0,0,0,0,0,0,0,0,0,0,0,0,0,0
3/06/2021,,,,,,,,,3-Jun,,17,3,0.176470588,0,51,0,1,0,0,0,4,0,0,0,0,0,0,0,0,0,0,0,0,6,0,0,0,0,0,0,0,0,0,0,0,0,0,0,0,0,0,0,0,0,0,0,0,0,0,0,0,0,0,0,0,0,0,0,0
13/06/2021,,,,,,,,,13-Jun,,23,1,0.043478261,0,51,0,0,0,0,0,14,0,0,0,0,0,0,0,0,0,0,0,0,0,0,0,0,0,0,0,0,0,0,0,0,0,0,0,0,0,0,0,0,0,0,0,0,0,0,0,0,0,0,0,0,0,0,0,0
23/06/2021,,,,,,,,,23-Jun,,14,5,0.357142857,0,51,0,1,0,0,0,3,0,0,0,0,1,0,0,1,0,0,0,0,1,0,0,0,0,0,0,0,0,0,0,0,0,0,0,0,0,0,0,0,0,0,0,0,0,0,0,0,0,0,0,0,0,0,0,0
3/07/2021,,,,,,,,,3-Jul,,13,2,0.153846154,0,51,0,1,0,0,0,5,0,0,0,0,0,0,0,0,0,0,0,0,0,0,0,0,0,0,0,0,0,0,0,0,0,0,0,0,0,0,0,0,0,0,0,0,0,0,0,0,0,0,0,0,0,0,0,0
29/07/2021,,,,,,,,,29-Jul,,3,2,0.666666667,0,51,0,1,0,0,0,1,0,0,0,0,0,0,0,0,0,0,0,0,0,0,0,0,0,0,0,0,0,0,0,0,0,0,0,0,0,0,0,0,0,0,0,0,0,0,0,0,0,0,0,0,0,0,0,0
25/08/2021,,,,,,,,,25-Aug,,15,3,0.2,0,51,0,2,0,0,0,9,0,0,0,0,0,0,0,4,0,0,0,0,0,0,0,0,0,0,0,0,0,0,0,0,0,0,0,0,0,0,0,0,0,0,0,0,0,0,0,0,0,0,0,0,0,0,0,0
4/09/2021,,,,,,,,,4-Sep,,22,5,0.227272727,0,51,0,3,1,0,0,18,0,0,0,0,0,0,0,2,0,0,0,0,1,0,0,0,0,0,0,0,0,0,0,0,0,0,0,0,0,0,0,0,0,0,0,0,0,0,0,0,0,0,0,0,0,0,0,0
14/09/2021,,,,,,,,,14-Sep,,32,5,0.15625,0,51,0,6,3,0,5,17,0,0,0,0,0,0,0,3,0,0,0,0,0,0,0,0,0,0,0,0,0,0,0,0,0,0,0,0,0,0,0,0,0,0,0,0,0,0,0,0,0,0,0,0,0,0,0,0
24/09/2021,,,,,,,,,24-Sep,,18,6,0.333333333,0,51,0,1,3,0,2,5,0,0,0,0,0,0,0,2,0,0,1,0,0,0,0,0,0,0,0,0,0,0,0,0,0,0,0,0,0,0,0,0,0,0,0,0,0,0,0,0,0,0,0,0,0,0,0,0
4/10/2021,,,,,,,,,4-Oct,,36,6,0.166666667,0,51,0,3,4,0,1,17,0,0,0,0,1,0,0,4,0,0,0,0,0,0,0,0,0,0,0,0,0,0,0,0,0,0,0,0,0,0,0,0,0,0,0,0,0,0,0,0,0,0,0,0,0,0,0,0
14/10/2021,,,,,,,,,14-Oct,,8,5,0.625,0,51,0,0,1,0,0,2,0,0,0,1,0,0,0,3,0,0,0,0,0,0,0,0,0,0,0,0,0,0,0,0,0,0,0,0,0,0,0,0,0,0,0,0,0,0,0,0,0,0,0,0,0,0,0,0
24/10/2021,,,,,,,,,24-Oct,,36,7,0.194444444,0,51,0,2,13,0,2,8,0,0,0,0,4,0,0,35,2,0,0,0,0,0,0,0,0,0,0,0,0,0,0,0,0,0,0,0,0,0,0,0,0,0,0,0,0,0,0,0,0,0,0,0,0,0,0,0
3/11/2021,,,,,,,,,3-Nov,,16,4,0.25,0,51,0,1,2,0,1,5,0,0,0,0,0,0,0,0,0,0,0,0,0,0,0,0,0,0,0,0,0,0,0,0,0,0,0,0,0,0,0,0,0,0,0,0,0,0,0,0,0,0,0,0,0,0,0,0
13/11/2021,,,,,,,,,13-Nov,,18,5,0.277777778,0,51,0,2,1,0,2,6,0,0,0,0,0,0,0,17,0,0,0,0,0,0,0,0,0,0,0,0,0,0,0,0,0,0,0,0,0,0,0,0,0,0,0,0,0,0,0,0,0,0,0,0,0,0,0,0
23/11/2021,,,,,,,,,23-Nov,,21,3,0.142857143,0,51,0,0,1,0,0,21,1,0,0,0,0,0,0,5,0,0,0,0,0,0,0,0,0,0,0,0,0,0,0,0,0,0,0,0,0,0,0,0,0,0,0,0,0,0,0,0,0,0,0,0,1,0,0,0
3/12/2021,,,,,,,,,3-Dec,,23,6,0.260869565,0,51,0,3,2,0,4,9,0,0,0,0,0,0,0,12,0,0,0,0,0,0,0,0,0,0,0,0,0,0,0,0,0,0,0,0,0,0,0,0,0,0,0,0,0,0,0,0,0,0,0,0,0,0,0,0
13/12/2021,,,,,,,,,13-Dec,,18,4,0.222222222,0,51,0,2,0,0,0,11,0,0,0,0,2,0,0,7,0,0,0,0,0,0,0,0,0,0,0,0,0,0,0,0,0,0,0,0,0,0,0,0,0,0,0,0,0,0,0,0,0,0,0,0,0,0,0,0
23/12/2021,,,,,,,,,23-Dec,,10,4,0.4,0,51,0,0,1,0,0,4,1,0,0,0,0,0,1,3,0,0,0,0,0,0,0,0,0,0,0,0,0,0,0,0,0,0,0,0,0,0,0,0,0,0,0,0,0,0,0,0,0,0,0,0,0,0,0,0
2/01/2022,,,,,,,,,,2-Jan,18,6,0.333333333,0,51,0,1,1,0,0,5,1,0,0,0,0,0,1,16,0,0,0,0,0,0,0,0,0,0,0,0,0,0,0,0,0,0,0,0,0,0,0,0,0,0,0,0,0,0,0,0,0,0,0,0,0,0,0,0
12/01/2022,,,,,,,,,,12-Jan,25,4,0.16,0,51,0,2,0,0,0,14,0,0,0,0,0,0,0,10,0,0,0,0,0,0,0,0,0,0,0,0,0,0,0,0,1,0,0,0,0,0,0,0,0,0,0,0,0,0,0,0,0,0,0,0,0,0,0,0
22/01/2022,,,,,,,,,,22-Jan,33,7,0.212121212,0,51,0,2,0,0,5,11,1,0,0,0,0,0,1,5,0,0,1,0,0,0,0,0,0,1,0,0,0,0,0,0,0,0,0,0,0,0,0,0,0,0,0,0,0,0,0,0,0,0,0,0,0,0,0,0
1/02/2022,,,,,,,,,,1-Feb,10,5,0.5,0,51,0,0,1,0,0,3,3,0,0,0,0,0,1,5,0,0,0,0,0,0,0,0,0,0,0,0,0,0,0,0,0,0,0,0,0,0,0,0,0,0,0,0,0,0,0,0,0,0,0,0,2,0,0,0
11/02/2022,,,,,,,,,,11-Feb,22,4,0.181818182,0,51,0,5,1,0,0,10,0,0,0,0,0,0,0,6,0,0,0,0,0,0,0,0,0,0,0,0,0,0,0,0,0,0,0,0,0,0,0,0,0,0,0,0,0,0,0,0,0,0,0,0,0,0,0,0
21/02/2022,,,,,,,,,,21-Feb,26,2,0.076923077,0,51,0,0,0,0,2,14,0,0,0,0,0,0,0,0,0,0,0,0,0,0,0,0,0,0,0,0,0,0,0,0,0,0,0,0,0,0,0,0,0,0,0,0,0,0,0,0,0,0,0,0,0,0,0,0
3/03/2022,,,,,,,,,,3-Mar,18,1,0.055555556,0,51,0,0,0,0,0,4,0,0,0,0,0,0,0,0,0,0,0,0,0,0,0,0,0,0,0,0,0,0,0,0,0,0,0,0,0,0,0,0,0,0,0,0,0,0,0,0,0,0,0,0,0,0,0,0
13/03/2022,,,,,,,,,,13-Mar,12,6,0.5,0,51,0,1,1,0,0,5,1,0,0,0,0,0,1,7,0,0,0,0,0,0,0,0,0,0,0,0,0,0,0,0,0,0,0,0,0,0,0,0,0,0,0,0,0,0,0,0,0,0,0,0,0,0,0,0
23/03/2022,,,,,,,,,,23-Mar,13,4,0.307692308,0,51,0,1,2,0,0,9,0,0,0,0,0,0,0,4,0,0,0,0,0,0,0,0,0,0,0,0,0,0,0,0,0,0,0,0,0,0,0,0,0,0,0,0,0,0,0,0,0,0,0,0,0,0,0,0
2/04/2022,,,,,,,,,,2-Apr,11,4,0.363636364,0,51,1,0,0,0,0,4,0,0,0,0,0,0,0,1,0,0,0,0,1,0,0,1,0,0,0,0,0,0,0,0,0,0,0,0,0,0,0,0,0,0,0,0,0,0,0,0,0,0,0,0,0,0,0,0
12/04/2022,,,,,,,,,,12-Apr,6,2,0.333333333,0,51,0,0,2,0,0,2,0,0,0,0,0,0,0,0,0,0,0,0,0,0,0,0,0,0,0,0,0,0,0,0,0,0,0,0,0,0,0,0,0,0,0,0,0,0,0,0,0,0,0,0,0,0,0,0
22/04/2022,,,,,,,,,,22-Apr,17,5,0.294117647,0,51,0,0,0,0,0,8,4,1,0,0,0,0,0,3,0,0,0,0,0,0,0,0,0,0,0,0,0,0,0,1,0,0,0,0,0,0,0,0,0,0,0,0,0,0,0,0,0,0,0,0,3,0,0,0
2/05/2022,,,,,,,,,,2-May,8,2,0.25,0,51,0,0,0,0,0,0,2,0,0,0,0,0,0,5,0,0,0,0,0,0,0,0,0,0,0,0,0,0,0,0,0,0,0,0,0,0,0,0,0,0,0,0,0,0,0,0,0,0,0,0,2,0,0,0
12/05/2022,,,,,,,,,,12-May,7,3,0.428571429,0,51,0,0,0,0,0,1,3,2,0,0,0,0,0,0,0,0,0,0,0,0,0,0,0,0,0,0,0,0,0,0,0,0,0,0,0,0,0,0,0,0,0,0,0,0,0,0,0,0,0,0,1,0,0,0
22/05/2022,,,,,,,,,,22-May,10,3,0.3,0,51,0,0,1,0,0,2,4,0,0,0,0,0,0,0,0,0,0,0,0,0,0,0,0,0,0,0,0,0,0,0,0,0,0,0,0,0,0,0,0,0,0,0,0,0,0,0,0,0,0,0,4,0,0,0
1/06/2022,,,,,,,,,,1-Jun,12,4,0.333333333,0,51,0,1,1,0,0,5,2,2,0,0,0,0,0,0,0,0,0,0,0,0,0,0,0,0,0,0,0,0,0,0,0,0,0,0,0,0,0,0,0,0,0,0,0,0,0,0,0,0,0,0,0,0,0,0
11/06/2022,,,,,,,,,,11-Jun,12,3,0.25,0,51,0,0,4,0,0,3,2,0,0,0,0,0,0,0,0,0,0,0,0,0,0,0,0,0,0,0,0,0,0,0,0,0,0,0,0,0,0,0,0,0,0,0,0,0,0,0,0,0,0,0,2,0,0,0
21/06/2022,,,,,,,,,,21-Jun,4,3,0.75,0,51,0,0,0,0,0,3,3,1,0,0,0,0,0,0,0,0,0,0,0,0,0,0,0,0,0,0,0,0,0,0,0,0,0,0,0,0,0,0,0,0,0,0,0,0,0,0,0,0,0,0,2,0,0,0
1/07/2022,,,,,,,,,,1-Jul,7,2,0.285714286,0,51,0,0,0,0,0,2,1,0,0,0,0,0,0,0,0,0,0,0,0,0,0,0,0,0,0,0,0,0,0,0,0,0,0,0,0,0,0,0,0,0,0,0,0,0,0,0,0,0,0,0,1,0,0,0
11/07/2022,,,,,,,,,,11-Jul,10,3,0.3,0,51,0,0,0,0,0,2,0,0,0,0,0,0,0,1,0,0,0,0,2,0,0,0,0,0,0,0,0,0,0,0,0,0,0,0,0,0,0,0,0,0,0,0,0,0,0,0,0,0,0,0,0,0,0,0
21/07/2022,,,,,,,,,,21-Jul,13,2,0.153846154,0,51,0,0,0,0,0,2,3,0,0,0,0,0,0,0,0,0,0,0,0,0,0,0,0,0,0,0,0,0,0,0,0,0,0,0,0,0,0,0,0,0,0,0,0,0,0,0,0,0,0,0,3,0,0,0
31/07/2022,,,,,,,,,,31-Jul,5,4,0.8,0,51,0,0,0,0,0,1,2,0,0,0,0,0,0,2,0,0,0,0,1,0,0,0,0,0,0,0,0,0,0,0,0,0,0,0,0,0,0,0,0,0,0,0,0,0,0,0,0,0,0,0,2,0,0,0
10/08/2022,,,,,,,,,,10-Aug,4,2,0.5,0,51,0,0,0,0,0,0,2,1,0,0,0,0,0,0,0,0,0,0,1,0,0,0,0,0,0,0,0,0,0,0,0,0,0,0,0,0,0,0,0,0,0,0,0,0,0,0,0,0,0,0,1,0,0,0
20/08/2022,,,,,,,,,,20-Aug,6,4,0.666666667,0,51,0,0,2,0,1,0,1,0,0,0,0,0,1,1,0,0,0,0,1,0,0,0,0,0,0,0,0,0,0,0,0,0,0,0,0,0,0,0,0,0,0,0,0,0,0,0,0,0,0,0,0,0,0,0
30/08/2022,,,,,,,,,,30-Aug,8,4,0.5,0,51,0,0,1,0,3,1,2,0,0,0,0,0,0,0,0,0,0,0,1,0,0,0,0,0,0,0,0,0,0,0,0,0,0,0,0,0,0,0,0,0,0,0,0,0,0,0,0,0,0,0,2,0,0,0
9/09/2022,,,,,,,,,,9-Sep,5,3,0.6,0,51,0,0,0,0,0,1,2,0,0,0,0,0,0,1,0,0,0,0,1,0,0,0,0,0,0,0,0,0,0,0,0,0,0,0,0,0,0,0,0,0,0,0,0,0,0,0,0,0,0,0,2,0,0,0
19/09/2022,,,,,,,,,,19-Sep,17,4,0.235294118,0,51,0,0,3,0,1,1,2,0,0,0,0,0,0,0,0,0,0,0,0,0,0,0,0,0,0,0,0,0,0,0,0,0,0,0,0,0,0,0,0,0,0,0,0,0,0,0,0,0,0,0,2,0,0,0
29/09/2022,,,,,,,,,,29-Sep,7,2,0.285714286,0,51,0,3,3,0,0,0,0,0,0,0,0,0,0,0,0,0,0,0,0,0,0,0,0,0,0,0,0,0,0,0,0,0,0,0,0,0,0,0,0,0,0,0,0,0,0,0,0,0,0,0,0,0,0,0
9/10/2022,,,,,,,,,,9-Oct,12,3,0.25,0,51,0,1,8,0,0,1,0,0,0,0,0,0,0,0,0,0,0,0,0,0,0,0,0,0,0,0,0,0,0,0,0,0,0,0,0,0,0,0,0,0,0,0,0,0,0,0,0,0,0,0,0,0,0,0
19/10/2022,,,,,,,,,,19-Oct,15,5,0.333333333,0,51,0,3,3,0,0,0,0,0,0,0,1,0,0,1,0,0,1,0,0,0,0,0,0,0,0,0,0,0,0,0,0,0,0,0,0,0,0,0,0,0,0,0,0,0,0,0,0,0,0,0,0,0,0,0
29/10/2022,,,,,,,,,,29-Oct,15,4,0.266666667,0,51,0,1,2,0,0,4,0,0,0,0,0,0,0,5,0,0,0,0,0,0,0,0,0,0,0,0,0,0,0,0,0,0,0,0,0,0,0,0,0,0,0,0,0,0,0,0,0,0,0,0,0,0,0,0
8/11/2022,,,,,,,,,,8-Nov,18,4,0.222222222,0,51,0,2,1,0,0,6,0,0,0,0,0,0,0,6,0,0,0,0,0,0,0,0,0,0,0,0,0,0,0,0,0,0,0,0,0,0,0,0,0,0,0,0,0,0,0,0,0,0,0,0,0,0,0,0
18/11/2022,,,,,,,,,,18-Nov,37,5,0.135135135,0,51,0,0,3,0,0,26,2,0,0,0,0,0,2,7,0,0,0,0,0,0,0,0,0,0,0,0,0,0,0,0,0,0,0,0,0,0,0,0,0,0,0,0,0,0,0,0,0,0,0,0,0,0,0,0
28/11/2022,,,,,,,,,,28-Nov,22,5,0.227272727,0,51,0,0,1,0,0,13,1,0,0,0,0,0,1,12,0,0,1,0,0,0,0,0,0,0,0,0,0,0,0,0,0,0,0,0,0,0,0,0,0,0,0,0,0,0,0,0,0,0,0,0,0,0,0,0
8/12/2022,,,,,,,,,,8-Dec,16,3,0.1875,0,51,0,0,0,0,0,5,1,0,0,0,0,0,0,11,0,0,0,0,0,0,0,0,0,0,0,0,0,0,0,0,0,0,0,0,0,0,0,0,0,0,0,0,0,0,0,0,0,0,0,0,1,0,0,0
18/12/2022,,,,,,,,,,18-Dec,24,7,0.291666667,0,51,0,2,1,0,1,5,1,1,0,0,0,0,0,5,0,0,0,0,0,0,0,0,0,0,0,0,0,0,0,0,0,0,0,0,0,0,0,0,1,0,0,0,0,0,0,0,0,0,0,0,0,0,0,0
